id_x,company_id,year,net_profit_margin_pct,operating_profit_margin_pct,return_on_equity_pct,debt_to_equity,interest_coverage,asset_turnover,free_cash_flow_cr,capex_cr,earnings_per_share,book_value_per_share,dividend_payout_ratio_pct,total_debt_cr,cash_from_operations_cr,id_y,company_name,sector,pe_ratio,pb_ratio
66,ADANIPORTS,2024,30.34,58.0,15.35,0.9373,5.9495,0.2283,8250.0,6768.0,38.0,12.2171,16.0,49470,15018.0,ADANIPORTS,"Adani Ports & Special Economic Zone Ltd
",Industrials,48.9,2.31
78,ADANIPORTS,2024,30.34,58.0,15.35,0.9373,5.9495,0.2283,8250.0,6768.0,38.0,12.2171,16.0,49470,15018.0,ADANIPORTS,"Adani Ports & Special Economic Zone Ltd
",Industrials,48.9,2.31
90,ADANIPOWER,2024,41.37,36.0,48.28,0.8023,8.2972,0.5472,17651.0,3481.0,54.0,1.1186,0.0,34616,14170.0,ADANIPOWER,Adani Power Ltd,Energy,44.57,9.91
113,APOLLOHOSP,2024,4.91,13.0,13.48,0.7689,5.5657,1.1384,383.0,1537.0,63.0,9.6333,26.0,5333,1920.0,APOLLOHOSP,"Apollo Hospitals
Chain of Indian private hospitals",Healthcare,47.72,7.68
160,BAJAJ-AUTO,2024,17.18,20.0,26.61,0.066,174.4167,1.1405,6486.0,72.0,276.0,10.3806,29.0,1912,6558.0,BAJAJ-AUTO,Bajaj Auto Ltd,Consumer Discretionary,29.91,9.83
161,BAJAJ-AUTO,2024,17.18,20.0,26.61,0.066,174.4167,1.1405,6486.0,72.0,276.0,10.3806,29.0,1912,6558.0,BAJAJ-AUTO,Bajaj Auto Ltd,Consumer Discretionary,29.91,9.83
197,BAJAJHLDNG,2024,432.73,92.0,13.58,0.0012,3764.5,0.0261,1469.0,472.0,653.0,48.8712,20.0,63,1941.0,BAJAJHLDNG,Bajaj Holdings & Investment Ltd,Financials,37.73,9.38
339,COALINDIA,2024,26.26,47971.0,45.17,0.0788,11.2418,0.6019,13617.0,4486.0,61.0,1.3424,42.0,6523,18103.0,COALINDIA,Coal India Ltd,Materials,34.27,14.75
399,DRREDDY,2024,19.91,28.0,19.74,0.0709,51.7076,0.7223,509.0,4034.0,67.0,34.041,12.0,2002,4543.0,DRREDDY,Dr Reddys Laboratories Ltd,Healthcare,11.73,10.19
411,EICHERMOT,2024,24.2,26.0,22.17,0.0232,114.7059,0.7154,890.0,2834.0,146.0,66.8333,35.0,419,3724.0,EICHERMOT,Eicher Motors Ltd,Consumer Discretionary,15.62,13.61
423,GAIL,2024,7.430000000000001,11.0,12.86,0.283,23.6245,1.0681,4360.0,8226.0,15.0,1.1711,37.0,21794,12586.0,GAIL,GAIL (India) Ltd,Energy,25.84,9.54
467,HAVELLS,2024,6.84,10.0,17.07,0.0407,25.3571,1.4952,335.0,1618.0,20.0,11.8206,44.0,303,1953.0,HAVELLS,Havells India Ltd,Industrials,45.41,14.08
537,HINDUNILVR,2024,16.61,14659.0,20.07,0.029,57.847,0.7886,10145.0,5324.0,44.0,21.7949,96.0,1484,15469.0,HINDUNILVR,"Hindustan Unilever Ltd
",Consumer Staples,34.51,11.88
561,ICICIGI,2024,9.370000000000001,2577.0,15.72,0.0029,160.0268,0.3236,486.0,1921.0,39.0,2.4757,28.0,35,2407.0,ICICIGI,ICICI Lombard General Insurance Company Ltd,Financials,49.0,7.86
597,INFY,2024,17.08,24.0,29.79,0.0949,87.5234,1.1298,20117.0,5093.0,63.0,4.2548,,8359,25210.0,INFY,Infosys Ltd,Information Technology,35.99,8.97
609,IOC,2024,5.56,10.0,23.53,0.7231,10.2823,1.6084,39635.0,31464.0,30.0,1.3318,40.0,132628,71099.0,IOC,"Indian Oil Corporation
",Energy,28.61,4.24
640,ITC,2024,29.28,37.0,27.85,0.0041,362.9625,0.7723,18742.0,1563.0,16.0,5.9701,84.0,303,17179.0,ITC,"ITC Ltd
",Consumer Staples,47.85,3.24
696,LICI,2024,4.84,4.0,49.45,0.0,371.9375,0.1591,853.0,25269.0,66.0,1.3083,15.0,0,26122.0,LICI,Life Insurance Corporation of India,Financials,30.67,8.1
717,LT,2024,7.03,14.0,77.66999999999999,0.1035,3.5442,8.0276,20445.0,2179.0,95.0,66.7267,36.0,2071,18266.0,LT,Larsen & Toubro Ltd,Industrials,30.8,2.48
753,MARUTI,2024,9.51,13.0,15.75,0.0014,117.9072,1.2303,4936.0,11865.0,429.0,54.5452,29.0,119,16801.0,MARUTI,Maruti Suzuki India Ltd,Consumer Discretionary,20.78,8.26
765,MOTHERSON,2024,3.06,9.0,11.55,0.7617,5.2247,1.1724,925.0,6644.0,4.0,3.8577,20.0,19922,7569.0,MOTHERSON,Samvardhana Motherson International Ltd,Consumer Discretionary,9.54,2.38
813,NTPC,2024,11.95,29.0,13.27,1.4755,4.605,0.3724,8644.0,32141.0,21.0,1.6573,36.0,237131,40785.0,NTPC,NTPC Ltd,Energy,30.8,5.24
825,ONGC,2024,9.66,17.0,16.94,0.4544,11.3613,0.8332,42060.0,57203.0,39.0,5.3588,31.0,153181,99263.0,ONGC,Oil & Natural Gas Corpn Ltd,Energy,18.15,10.36
849,PIDILITIND,2024,14.11,22.0,20.78,0.0454,54.3333,1.0254,955.0,1769.0,34.0,16.4843,47.0,382,2724.0,PIDILITIND,Pidilite Industries Ltd,Materials,36.12,12.3
1004,SIEMENS,2024,12.22,14.0,17.7,0.0182,67.15,0.8791,1168.0,502.0,76.0,21.6296,16.0,279,1670.0,SIEMENS,Siemens Ltd,Industrials,33.32,9.25
1016,SUNPHARMA,2024,19.82,28.0,15.09,0.0514,58.3319,0.5685,11372.0,763.0,40.0,26.5279,34.0,3274,12135.0,SUNPHARMA,Sun Pharmaceuticals Industries Ltd,Healthcare,37.9,6.71
1052,TATAPOWER,2024,6.97,17.0,13.23,1.6593,3.0544,0.4419,3569.0,9027.0,12.0,10.1113,17.0,53689,12596.0,TATAPOWER,"Tata Power Company Ltd
",Energy,14.5,3.48
1112,TITAN,2024,6.84,10.0,37.22,1.6531,9.412,1.6193,1506.0,189.0,39.0,10.5539,28.0,15528,1695.0,TITAN,"Titan Company Ltd
",Consumer Discretionary,10.13,10.51
1124,TORNTPHARM,2024,15.44,31.0,24.15,0.5866,9.9266,0.7396,3106.0,160.0,49.0,4.0568,57.0,4022,3266.0,TORNTPHARM,Torrent Pharmaceuticals Ltd,Healthcare,46.4,6.43
1136,TRENT,2024,11.94,16.0,36.31,0.4309,8.0435,1.7279,841.0,508.0,42.0,11.3,8.0,1753,1349.0,TRENT,Trent Ltd,Consumer Discretionary,8.65,11.82
1160,ULTRACEMCO,2024,9.879999999999999,18.0,11.63,0.1893,13.9835,0.7035,2109.0,8789.0,243.0,20.8401,29.0,11403,10898.0,,,,,
