company_id,year,operating_activity,cash_from_operations_cr,cfo_quality_score,cfo_quality_label
TCS,Mar-13,11615.0,11615.0,1.0,Strong
TCS,Mar-14,14751.0,14751.0,1.0,Strong
TCS,Mar-15,19369.0,19369.0,1.0,Strong
TCS,Mar-16,19109.0,19109.0,1.0,Strong
TCS,Mar-17,25223.0,25223.0,1.0,Strong
TCS,Mar-18,25067.0,25067.0,1.0,Strong
TCS,Mar-19,28593.0,28593.0,1.0,Strong
TCS,Mar-20,32369.0,32369.0,1.0,Strong
TCS,Mar-21,38802.0,38802.0,1.0,Strong
TCS,Mar-22,39949.0,39949.0,1.0,Strong
TCS,Mar-23,41965.0,41965.0,1.0,Strong
TCS,Mar-24,44338.0,44338.0,1.0,Strong
ABB,Dec-12,101.0,101.0,1.0,Strong
ABB,Mar-14,155.0,155.0,1.0,Strong
ABB,Mar-15,215.0,215.0,1.0,Strong
ABB,Mar-16,249.0,249.0,1.0,Strong
ABB,Mar-17,307.0,307.0,1.0,Strong
ABB,Mar-18,153.0,153.0,1.0,Strong
ABB,Mar-19,499.0,499.0,1.0,Strong
ABB,Mar-20,626.0,626.0,1.0,Strong
ABB,Mar-21,727.0,727.0,1.0,Strong
ABB,Mar-22,948.0,948.0,1.0,Strong
ABB,Mar-23,893.0,893.0,1.0,Strong
ABB,Mar-24,1213.0,1213.0,1.0,Strong
ADANIENSOL,Mar-14,0.0,0.0,,Unknown
ADANIENSOL,Mar-15,-35.0,-35.0,1.0,Strong
ADANIENSOL,Mar-16,1544.0,1544.0,1.0,Strong
ADANIENSOL,Mar-17,2189.0,2189.0,1.0,Strong
ADANIENSOL,Mar-18,2198.0,2198.0,1.0,Strong
ADANIENSOL,Mar-19,2591.0,2591.0,1.0,Strong
ADANIENSOL,Mar-20,5437.0,5437.0,1.0,Strong
ADANIENSOL,Mar-21,3784.0,3784.0,1.0,Strong
ADANIENSOL,Mar-22,4097.0,4097.0,1.0,Strong
ADANIENSOL,Mar-23,3777.0,3777.0,1.0,Strong
ADANIENSOL,Mar-24,6038.0,6038.0,1.0,Strong
ADANIENT,Mar-13,7666.0,7666.0,1.0,Strong
ADANIENT,Mar-14,8228.0,8228.0,1.0,Strong
ADANIENT,Mar-15,8532.0,8532.0,1.0,Strong
ADANIENT,Mar-16,5112.0,5112.0,1.0,Strong
ADANIENT,Mar-17,774.0,774.0,1.0,Strong
ADANIENT,Mar-18,2942.0,2942.0,1.0,Strong
ADANIENT,Mar-19,3236.0,3236.0,1.0,Strong
ADANIENT,Mar-20,2454.0,2454.0,1.0,Strong
ADANIENT,Mar-21,4043.0,4043.0,1.0,Strong
ADANIENT,Mar-22,1385.0,1385.0,1.0,Strong
ADANIENT,Mar-23,17626.0,17626.0,1.0,Strong
ADANIENT,Mar-24,10312.0,10312.0,1.0,Strong
ADANIGREEN,Mar-17,28.0,28.0,1.0,Strong
ADANIGREEN,Mar-18,649.0,649.0,1.0,Strong
ADANIGREEN,Mar-19,1625.0,1625.0,1.0,Strong
ADANIGREEN,Mar-20,1965.0,1965.0,1.0,Strong
ADANIGREEN,Mar-21,1601.0,1601.0,1.0,Strong
ADANIGREEN,Mar-22,3127.0,3127.0,1.0,Strong
ADANIGREEN,Mar-23,7265.0,7265.0,1.0,Strong
ADANIGREEN,Mar-24,7713.0,7713.0,1.0,Strong
ADANIPORTS,Mar-13,1379.0,1379.0,1.0,Strong
ADANIPORTS,Mar-14,1132.0,1132.0,1.0,Strong
ADANIPORTS,Mar-15,3057.0,3057.0,1.0,Strong
ADANIPORTS,Mar-16,2381.0,2381.0,1.0,Strong
ADANIPORTS,Mar-17,4063.0,4063.0,1.0,Strong
ADANIPORTS,Mar-18,5608.0,5608.0,1.0,Strong
ADANIPORTS,Mar-19,6029.0,6029.0,1.0,Strong
ADANIPORTS,Mar-20,7402.0,7402.0,1.0,Strong
ADANIPORTS,Mar-21,7556.0,7556.0,1.0,Strong
ADANIPORTS,Mar-22,10420.0,10420.0,1.0,Strong
ADANIPORTS,Mar-23,11900.0,11900.0,1.0,Strong
ADANIPORTS,Mar-24,15018.0,15018.0,1.0,Strong
ADANIPOWER,Mar-13,3001.0,3001.0,1.0,Strong
ADANIPOWER,Mar-14,3238.0,3238.0,1.0,Strong
ADANIPOWER,Mar-15,5824.0,5824.0,1.0,Strong
ADANIPOWER,Mar-16,5257.0,5257.0,1.0,Strong
ADANIPOWER,Mar-17,4725.0,4725.0,1.0,Strong
ADANIPOWER,Mar-18,5101.0,5101.0,1.0,Strong
ADANIPOWER,Mar-19,5610.0,5610.0,1.0,Strong
ADANIPOWER,Mar-20,5598.0,5598.0,1.0,Strong
ADANIPOWER,Mar-21,7014.0,7014.0,1.0,Strong
ADANIPOWER,Mar-22,10233.0,10233.0,1.0,Strong
ADANIPOWER,Mar-23,8431.0,8431.0,1.0,Strong
ADANIPOWER,Mar-24,14170.0,14170.0,1.0,Strong
AMBUJACEM,Dec-12,1860.0,1860.0,1.0,Strong
AMBUJACEM,Dec-13,1267.0,1267.0,1.0,Strong
AMBUJACEM,Dec-14,1675.0,1675.0,1.0,Strong
AMBUJACEM,Dec-15,1557.0,1557.0,1.0,Strong
AMBUJACEM,Dec-16,2810.0,2810.0,1.0,Strong
AMBUJACEM,Dec-17,3416.0,3416.0,1.0,Strong
AMBUJACEM,Dec-18,1703.0,1703.0,1.0,Strong
AMBUJACEM,Dec-19,4739.0,4739.0,1.0,Strong
AMBUJACEM,Dec-20,4832.0,4832.0,1.0,Strong
AMBUJACEM,Dec-21,5309.0,5309.0,1.0,Strong
AMBUJACEM,Mar-23,735.0,,,Unknown
AMBUJACEM,Mar-24,5646.0,5646.0,1.0,Strong
APOLLOHOSP,Mar-13,443.0,443.0,1.0,Strong
APOLLOHOSP,Mar-14,373.0,373.0,1.0,Strong
APOLLOHOSP,Mar-15,470.0,470.0,1.0,Strong
APOLLOHOSP,Mar-16,597.0,597.0,1.0,Strong
APOLLOHOSP,Mar-17,623.0,623.0,1.0,Strong
APOLLOHOSP,Mar-18,537.0,537.0,1.0,Strong
APOLLOHOSP,Mar-19,905.0,905.0,1.0,Strong
APOLLOHOSP,Mar-20,1293.0,1293.0,1.0,Strong
APOLLOHOSP,Mar-21,1265.0,1265.0,1.0,Strong
APOLLOHOSP,Mar-22,1696.0,1696.0,1.0,Strong
APOLLOHOSP,Mar-23,1377.0,1377.0,1.0,Strong
APOLLOHOSP,Mar-24,1920.0,1920.0,1.0,Strong
ASIANPAINT,Mar-13,1187.0,1187.0,1.0,Strong
ASIANPAINT,Mar-14,1402.0,1402.0,1.0,Strong
ASIANPAINT,Mar-15,1188.0,1188.0,1.0,Strong
ASIANPAINT,Mar-16,2243.0,2243.0,1.0,Strong
ASIANPAINT,Mar-17,1527.0,1527.0,1.0,Strong
ASIANPAINT,Mar-18,2113.0,2113.0,1.0,Strong
ASIANPAINT,Mar-19,2470.0,2470.0,1.0,Strong
ASIANPAINT,Mar-20,3038.0,3038.0,1.0,Strong
ASIANPAINT,Mar-21,3683.0,3683.0,1.0,Strong
ASIANPAINT,Mar-22,986.0,986.0,1.0,Strong
ASIANPAINT,Mar-23,4193.0,4193.0,1.0,Strong
ASIANPAINT,Mar-24,6104.0,6104.0,1.0,Strong
AGTL,Mar-18,277.0,,,Unknown
AGTL,Mar-19,356.0,,,Unknown
AGTL,Mar-20,492.0,,,Unknown
AGTL,Mar-21,654.0,,,Unknown
AGTL,Mar-22,732.0,,,Unknown
AGTL,Mar-23,853.0,,,Unknown
AGTL,Mar-24,955.0,,,Unknown
AXISBANK,Mar-13,2573.0,2573.0,1.0,Strong
AXISBANK,Mar-14,14464.0,14464.0,1.0,Strong
AXISBANK,Mar-15,-15162.0,-15162.0,1.0,Strong
AXISBANK,Mar-16,-34495.0,-34495.0,1.0,Strong
AXISBANK,Mar-17,32209.0,32209.0,1.0,Strong
AXISBANK,Mar-18,-38390.0,-38390.0,1.0,Strong
AXISBANK,Mar-19,37125.0,37125.0,1.0,Strong
AXISBANK,Mar-20,30416.0,30416.0,1.0,Strong
AXISBANK,Mar-21,12633.0,12633.0,1.0,Strong
AXISBANK,Mar-22,28137.0,28137.0,1.0,Strong
AXISBANK,Mar-23,22075.0,22075.0,1.0,Strong
AXISBANK,Mar-24,-5555.0,-5555.0,1.0,Strong
BAJAJ-AUTO,Mar-13,2218.0,2218.0,1.0,Strong
BAJAJ-AUTO,Mar-14,3502.0,3502.0,1.0,Strong
BAJAJ-AUTO,Mar-15,2114.0,2114.0,1.0,Strong
BAJAJ-AUTO,Mar-16,3690.0,3690.0,1.0,Strong
BAJAJ-AUTO,Mar-17,3267.0,3267.0,1.0,Strong
BAJAJ-AUTO,Mar-18,4328.0,4328.0,1.0,Strong
BAJAJ-AUTO,Mar-19,2487.0,2487.0,1.0,Strong
BAJAJ-AUTO,Mar-20,3850.0,3850.0,1.0,Strong
BAJAJ-AUTO,Mar-21,3120.0,3120.0,1.0,Strong
BAJAJ-AUTO,Mar-22,4197.0,4197.0,1.0,Strong
BAJAJ-AUTO,Mar-23,5277.0,5277.0,1.0,Strong
BAJAJ-AUTO,Mar-24,6558.0,6558.0,1.0,Strong
BAJAJFINSV,Mar-13,-6922.0,-6922.0,1.0,Strong
BAJAJFINSV,Mar-14,-9807.0,-9807.0,1.0,Strong
BAJAJFINSV,Mar-15,-10731.0,-10731.0,1.0,Strong
BAJAJFINSV,Mar-16,-9795.0,-9795.0,1.0,Strong
BAJAJFINSV,Mar-17,-10922.0,-10922.0,1.0,Strong
BAJAJFINSV,Mar-18,-19580.0,-19580.0,1.0,Strong
BAJAJFINSV,Mar-19,-27076.0,-27076.0,1.0,Strong
BAJAJFINSV,Mar-20,-23369.0,-23369.0,1.0,Strong
BAJAJFINSV,Mar-21,4547.0,4547.0,1.0,Strong
BAJAJFINSV,Mar-22,-33670.0,-33670.0,1.0,Strong
BAJAJFINSV,Mar-23,-39480.0,-39480.0,1.0,Strong
BAJAJFINSV,Mar-24,-68674.0,-68674.0,1.0,Strong
BAJAJHLDNG,Mar-13,473.0,473.0,1.0,Strong
BAJAJHLDNG,Mar-14,872.0,872.0,1.0,Strong
BAJAJHLDNG,Mar-15,796.0,796.0,1.0,Strong
BAJAJHLDNG,Mar-16,1147.0,1147.0,1.0,Strong
BAJAJHLDNG,Mar-17,-923.0,-923.0,1.0,Strong
BAJAJHLDNG,Mar-18,1631.0,1631.0,1.0,Strong
BAJAJHLDNG,Mar-19,628.0,628.0,1.0,Strong
BAJAJHLDNG,Mar-20,1920.0,1920.0,1.0,Strong
BAJAJHLDNG,Mar-21,272.0,272.0,1.0,Strong
BAJAJHLDNG,Mar-22,1610.0,1610.0,1.0,Strong
BAJAJHLDNG,Mar-23,1728.0,1728.0,1.0,Strong
BAJAJHLDNG,Mar-24,1941.0,1941.0,1.0,Strong
BAJFINANCE,Mar-15,-7064.0,-7064.0,1.0,Strong
BAJFINANCE,Mar-16,-9870.0,-9870.0,1.0,Strong
BAJFINANCE,Mar-17,-10439.0,-10439.0,1.0,Strong
BAJFINANCE,Mar-18,-20566.0,-20566.0,1.0,Strong
BAJFINANCE,Mar-19,-29062.0,-29062.0,1.0,Strong
BAJFINANCE,Mar-20,-24412.0,-24412.0,1.0,Strong
BAJFINANCE,Mar-21,-807.0,-807.0,1.0,Strong
BAJFINANCE,Mar-22,-37090.0,-37090.0,1.0,Strong
BAJFINANCE,Mar-23,-42112.0,-42112.0,1.0,Strong
BAJFINANCE,Mar-24,-72760.0,-72760.0,1.0,Strong
BANKBARODA,Mar-13,23196.0,23196.0,1.0,Strong
BANKBARODA,Mar-14,42233.0,42233.0,1.0,Strong
BANKBARODA,Mar-15,17838.0,17838.0,1.0,Strong
BANKBARODA,Mar-16,-10011.0,-10011.0,1.0,Strong
BANKBARODA,Mar-17,17865.0,17865.0,1.0,Strong
BANKBARODA,Mar-18,-59692.0,-59692.0,1.0,Strong
BANKBARODA,Mar-19,-1449.0,-1449.0,1.0,Strong
BANKBARODA,Mar-20,18531.0,18531.0,1.0,Strong
BANKBARODA,Mar-21,-887.0,-887.0,1.0,Strong
BANKBARODA,Mar-22,6210.0,6210.0,1.0,Strong
BANKBARODA,Mar-23,-21354.0,-21354.0,1.0,Strong
BANKBARODA,Mar-24,-6274.0,-6274.0,1.0,Strong
BEL,Mar-13,-1539.0,-1539.0,1.0,Strong
BEL,Mar-14,-569.0,-569.0,1.0,Strong
BEL,Mar-15,1434.0,1434.0,1.0,Strong
BEL,Mar-16,2260.0,2260.0,1.0,Strong
BEL,Mar-17,-61.0,-61.0,1.0,Strong
BEL,Mar-18,-687.0,-687.0,1.0,Strong
BEL,Mar-19,1514.0,1514.0,1.0,Strong
BEL,Mar-20,2570.0,2570.0,1.0,Strong
BEL,Mar-21,5093.0,5093.0,1.0,Strong
BEL,Mar-22,4207.0,4207.0,1.0,Strong
BEL,Mar-23,1199.0,1199.0,1.0,Strong
BEL,Mar-24,4659.0,4659.0,1.0,Strong
BHARTIARTL,Mar-13,22608.0,22608.0,1.0,Strong
BHARTIARTL,Mar-14,26233.0,26233.0,1.0,Strong
BHARTIARTL,Mar-15,28059.0,28059.0,1.0,Strong
BHARTIARTL,Mar-16,27942.0,27942.0,1.0,Strong
BHARTIARTL,Mar-17,28280.0,28280.0,1.0,Strong
BHARTIARTL,Mar-18,29854.0,29854.0,1.0,Strong
BHARTIARTL,Mar-19,20070.0,20070.0,1.0,Strong
BHARTIARTL,Mar-20,18129.0,18129.0,1.0,Strong
BHARTIARTL,Mar-21,48205.0,48205.0,1.0,Strong
BHARTIARTL,Mar-22,55017.0,55017.0,1.0,Strong
BHARTIARTL,Mar-23,65325.0,65325.0,1.0,Strong
BHARTIARTL,Mar-24,78898.0,78898.0,1.0,Strong
BHEL,Mar-13,1759.0,1759.0,1.0,Strong
BHEL,Mar-14,4512.0,4512.0,1.0,Strong
BHEL,Mar-15,821.0,821.0,1.0,Strong
BHEL,Mar-16,374.0,374.0,1.0,Strong
BHEL,Mar-17,560.0,560.0,1.0,Strong
BHEL,Mar-18,989.0,989.0,1.0,Strong
BHEL,Mar-19,-3860.0,-3860.0,1.0,Strong
BHEL,Mar-20,-2892.0,-2892.0,1.0,Strong
BHEL,Mar-21,560.0,560.0,1.0,Strong
BHEL,Mar-22,660.0,660.0,1.0,Strong
BHEL,Mar-23,-741.0,-741.0,1.0,Strong
BHEL,Mar-24,-3713.0,-3713.0,1.0,Strong
BOSCHLTD,Dec-12,871.0,871.0,1.0,Strong
BOSCHLTD,Dec-13,1057.0,1057.0,1.0,Strong
BOSCHLTD,Mar-15,1396.0,1396.0,1.0,Strong
BOSCHLTD,Mar-16,1318.0,1318.0,1.0,Strong
BOSCHLTD,Mar-17,1457.0,1457.0,1.0,Strong
BOSCHLTD,Mar-18,1729.0,1729.0,1.0,Strong
BOSCHLTD,Mar-19,593.0,593.0,1.0,Strong
BOSCHLTD,Mar-20,1336.0,1336.0,1.0,Strong
BOSCHLTD,Mar-21,835.0,835.0,1.0,Strong
BOSCHLTD,Mar-22,271.0,271.0,1.0,Strong
BOSCHLTD,Mar-23,1214.0,1214.0,1.0,Strong
BOSCHLTD,Mar-24,1253.0,1253.0,1.0,Strong
BPCL,Mar-13,5926.0,5926.0,1.0,Strong
BPCL,Mar-14,9588.0,9588.0,1.0,Strong
BPCL,Mar-15,20742.0,20742.0,1.0,Strong
BPCL,Mar-16,11119.0,11119.0,1.0,Strong
BPCL,Mar-17,9041.0,9041.0,1.0,Strong
BPCL,Mar-18,11068.0,11068.0,1.0,Strong
BPCL,Mar-19,10157.0,10157.0,1.0,Strong
BPCL,Mar-20,7881.0,7881.0,1.0,Strong
BPCL,Mar-21,23455.0,23455.0,1.0,Strong
BPCL,Mar-22,20336.0,20336.0,1.0,Strong
BPCL,Mar-23,12466.0,12466.0,1.0,Strong
BPCL,Mar-24,35936.0,35936.0,1.0,Strong
BRITANNIA,Mar-13,320.0,320.0,1.0,Strong
BRITANNIA,Mar-14,671.0,671.0,1.0,Strong
BRITANNIA,Mar-15,584.0,584.0,1.0,Strong
BRITANNIA,Mar-16,959.0,959.0,1.0,Strong
BRITANNIA,Mar-17,441.0,441.0,1.0,Strong
BRITANNIA,Mar-18,1249.0,1249.0,1.0,Strong
BRITANNIA,Mar-19,1156.0,1156.0,1.0,Strong
BRITANNIA,Mar-20,1485.0,1485.0,1.0,Strong
BRITANNIA,Mar-21,1876.0,1876.0,1.0,Strong
BRITANNIA,Mar-22,1300.0,1300.0,1.0,Strong
BRITANNIA,Mar-23,2526.0,2526.0,1.0,Strong
BRITANNIA,Mar-24,2573.0,2573.0,1.0,Strong
CANBK,Mar-13,8010.0,8010.0,1.0,Strong
CANBK,Mar-14,14244.0,14244.0,1.0,Strong
CANBK,Mar-15,6344.0,6344.0,1.0,Strong
CANBK,Mar-16,9346.0,9346.0,1.0,Strong
CANBK,Mar-17,2575.0,2575.0,1.0,Strong
CANBK,Mar-18,-11120.0,-11120.0,1.0,Strong
CANBK,Mar-19,18237.0,18237.0,1.0,Strong
CANBK,Mar-20,-5289.0,-5289.0,1.0,Strong
CANBK,Mar-21,59118.0,59118.0,1.0,Strong
CANBK,Mar-22,919.0,919.0,1.0,Strong
CANBK,Mar-23,-39978.0,-39978.0,1.0,Strong
CANBK,Mar-24,15046.0,15046.0,1.0,Strong
CHOLAFIN,Mar-13,-3754.0,-3754.0,1.0,Strong
CHOLAFIN,Mar-14,-2447.0,-2447.0,1.0,Strong
CHOLAFIN,Mar-15,-2264.0,-2264.0,1.0,Strong
CHOLAFIN,Mar-16,-2809.0,-2809.0,1.0,Strong
CHOLAFIN,Mar-17,-1468.0,-1468.0,1.0,Strong
CHOLAFIN,Mar-18,-7926.0,-7926.0,1.0,Strong
CHOLAFIN,Mar-19,-9317.0,-9317.0,1.0,Strong
CHOLAFIN,Mar-20,-2075.0,-2075.0,1.0,Strong
CHOLAFIN,Mar-21,-8848.0,-8848.0,1.0,Strong
CHOLAFIN,Mar-22,-5571.0,-5571.0,1.0,Strong
CHOLAFIN,Mar-23,-27105.0,-27105.0,1.0,Strong
CHOLAFIN,Mar-24,-35683.0,-35683.0,1.0,Strong
CIPLA,Mar-13,1398.0,1398.0,1.0,Strong
CIPLA,Mar-14,1563.0,1563.0,1.0,Strong
CIPLA,Mar-15,1173.0,1173.0,1.0,Strong
CIPLA,Mar-16,1741.0,1741.0,1.0,Strong
CIPLA,Mar-17,2382.0,2382.0,1.0,Strong
CIPLA,Mar-18,1463.0,1463.0,1.0,Strong
CIPLA,Mar-19,1691.0,1691.0,1.0,Strong
CIPLA,Mar-20,3068.0,3068.0,1.0,Strong
CIPLA,Mar-21,3755.0,3755.0,1.0,Strong
CIPLA,Mar-22,3326.0,3326.0,1.0,Strong
CIPLA,Mar-23,3238.0,3238.0,1.0,Strong
CIPLA,Mar-24,4134.0,4134.0,1.0,Strong
COALINDIA,Mar-13,9109.0,9109.0,1.0,Strong
COALINDIA,Mar-14,14525.0,14525.0,1.0,Strong
COALINDIA,Mar-15,14382.0,14382.0,1.0,Strong
COALINDIA,Mar-16,13154.0,13154.0,1.0,Strong
COALINDIA,Mar-17,16461.0,16461.0,1.0,Strong
COALINDIA,Mar-18,21115.0,21115.0,1.0,Strong
COALINDIA,Mar-19,16356.0,16356.0,1.0,Strong
COALINDIA,Mar-20,4977.0,4977.0,1.0,Strong
COALINDIA,Mar-21,10592.0,10592.0,1.0,Strong
COALINDIA,Mar-22,41107.0,41107.0,1.0,Strong
COALINDIA,Mar-23,35734.0,35734.0,1.0,Strong
COALINDIA,Mar-24,18103.0,18103.0,1.0,Strong
DABUR,Mar-13,870.0,870.0,1.0,Strong
DABUR,Mar-14,1098.0,1098.0,1.0,Strong
DABUR,Mar-15,1047.0,1047.0,1.0,Strong
DABUR,Mar-16,1187.0,1187.0,1.0,Strong
DABUR,Mar-17,1227.0,1227.0,1.0,Strong
DABUR,Mar-18,1092.0,1092.0,1.0,Strong
DABUR,Mar-19,1499.0,1499.0,1.0,Strong
DABUR,Mar-20,1614.0,1614.0,1.0,Strong
DABUR,Mar-21,2115.0,2115.0,1.0,Strong
DABUR,Mar-22,1802.0,1802.0,1.0,Strong
DABUR,Mar-23,1488.0,1488.0,1.0,Strong
DABUR,Mar-24,2013.0,2013.0,1.0,Strong
DIVISLAB,Mar-13,480.0,480.0,1.0,Strong
DIVISLAB,Mar-14,557.0,557.0,1.0,Strong
DIVISLAB,Mar-15,826.0,826.0,1.0,Strong
DIVISLAB,Mar-16,1038.0,1038.0,1.0,Strong
DIVISLAB,Mar-17,1150.0,1150.0,1.0,Strong
DIVISLAB,Mar-18,776.0,776.0,1.0,Strong
DIVISLAB,Mar-19,954.0,954.0,1.0,Strong
DIVISLAB,Mar-20,1216.0,1216.0,1.0,Strong
DIVISLAB,Mar-21,1947.0,1947.0,1.0,Strong
DIVISLAB,Mar-22,1912.0,1912.0,1.0,Strong
DIVISLAB,Mar-23,2459.0,2459.0,1.0,Strong
DIVISLAB,Mar-24,1261.0,1261.0,1.0,Strong
DLF,Mar-13,2009.0,2009.0,1.0,Strong
DLF,Mar-14,1468.0,1468.0,1.0,Strong
DLF,Mar-15,2037.0,2037.0,1.0,Strong
DLF,Mar-16,2957.0,2957.0,1.0,Strong
DLF,Mar-17,-898.0,-898.0,1.0,Strong
DLF,Mar-18,270.0,270.0,1.0,Strong
DLF,Mar-19,2043.0,2043.0,1.0,Strong
DLF,Mar-20,356.0,356.0,1.0,Strong
DLF,Mar-21,1460.0,1460.0,1.0,Strong
DLF,Mar-22,2832.0,2832.0,1.0,Strong
DLF,Mar-23,2375.0,2375.0,1.0,Strong
DLF,Mar-24,2539.0,2539.0,1.0,Strong
DMART,Mar-13,127.0,127.0,1.0,Strong
DMART,Mar-14,198.0,198.0,1.0,Strong
DMART,Mar-15,222.0,222.0,1.0,Strong
DMART,Mar-16,433.0,433.0,1.0,Strong
DMART,Mar-17,455.0,455.0,1.0,Strong
DMART,Mar-18,730.0,730.0,1.0,Strong
DMART,Mar-19,807.0,807.0,1.0,Strong
DMART,Mar-20,1280.0,1280.0,1.0,Strong
DMART,Mar-21,1375.0,1375.0,1.0,Strong
DMART,Mar-22,1372.0,1372.0,1.0,Strong
DMART,Mar-23,2630.0,2630.0,1.0,Strong
DMART,Mar-24,2746.0,2746.0,1.0,Strong
DRREDDY,Mar-13,1378.0,1378.0,1.0,Strong
DRREDDY,Mar-14,1970.0,1970.0,1.0,Strong
DRREDDY,Mar-15,2524.0,2524.0,1.0,Strong
DRREDDY,Mar-16,3263.0,3263.0,1.0,Strong
DRREDDY,Mar-17,2144.0,2144.0,1.0,Strong
DRREDDY,Mar-18,1803.0,1803.0,1.0,Strong
DRREDDY,Mar-19,2870.0,2870.0,1.0,Strong
DRREDDY,Mar-20,2984.0,2984.0,1.0,Strong
DRREDDY,Mar-21,3570.0,3570.0,1.0,Strong
DRREDDY,Mar-22,2811.0,2811.0,1.0,Strong
DRREDDY,Mar-23,5888.0,5888.0,1.0,Strong
DRREDDY,Mar-24,4543.0,4543.0,1.0,Strong
EICHERMOT,Dec-12,496.0,496.0,1.0,Strong
EICHERMOT,Dec-13,716.0,716.0,1.0,Strong
EICHERMOT,Dec-14,1047.0,1047.0,1.0,Strong
EICHERMOT,Mar-16,1463.0,1463.0,1.0,Strong
EICHERMOT,Mar-17,1708.0,1708.0,1.0,Strong
EICHERMOT,Mar-18,2482.0,2482.0,1.0,Strong
EICHERMOT,Mar-19,1575.0,1575.0,1.0,Strong
EICHERMOT,Mar-20,1694.0,1694.0,1.0,Strong
EICHERMOT,Mar-21,1691.0,1691.0,1.0,Strong
EICHERMOT,Mar-22,1527.0,1527.0,1.0,Strong
EICHERMOT,Mar-23,2823.0,2823.0,1.0,Strong
EICHERMOT,Mar-24,3724.0,3724.0,1.0,Strong
GAIL,Mar-13,6603.0,6603.0,1.0,Strong
GAIL,Mar-14,4615.0,4615.0,1.0,Strong
GAIL,Mar-15,4214.0,4214.0,1.0,Strong
GAIL,Mar-16,3960.0,3960.0,1.0,Strong
GAIL,Mar-17,6024.0,6024.0,1.0,Strong
GAIL,Mar-18,8769.0,8769.0,1.0,Strong
GAIL,Mar-19,7984.0,7984.0,1.0,Strong
GAIL,Mar-20,8345.0,8345.0,1.0,Strong
GAIL,Mar-21,8993.0,8993.0,1.0,Strong
GAIL,Mar-22,9420.0,9420.0,1.0,Strong
GAIL,Mar-23,3205.0,3205.0,1.0,Strong
GAIL,Mar-24,12586.0,12586.0,1.0,Strong
GODREJCP,Mar-13,820.0,820.0,1.0,Strong
GODREJCP,Mar-14,1116.0,1116.0,1.0,Strong
GODREJCP,Mar-15,1027.0,1027.0,1.0,Strong
GODREJCP,Mar-16,847.0,847.0,1.0,Strong
GODREJCP,Mar-17,1860.0,1860.0,1.0,Strong
GODREJCP,Mar-18,1723.0,1723.0,1.0,Strong
GODREJCP,Mar-19,1729.0,1729.0,1.0,Strong
GODREJCP,Mar-20,1588.0,1588.0,1.0,Strong
GODREJCP,Mar-21,2030.0,2030.0,1.0,Strong
GODREJCP,Mar-22,1451.0,1451.0,1.0,Strong
GODREJCP,Mar-23,2151.0,2151.0,1.0,Strong
GODREJCP,Mar-24,2070.0,2070.0,1.0,Strong
GRASIM,Mar-13,4242.0,4242.0,1.0,Strong
GRASIM,Mar-14,3549.0,3549.0,1.0,Strong
GRASIM,Mar-15,4594.0,4594.0,1.0,Strong
GRASIM,Mar-16,5868.0,5868.0,1.0,Strong
GRASIM,Mar-17,7288.0,7288.0,1.0,Strong
GRASIM,Mar-18,-4140.0,-4140.0,1.0,Strong
GRASIM,Mar-19,-1659.0,-1659.0,1.0,Strong
GRASIM,Mar-20,16620.0,16620.0,1.0,Strong
GRASIM,Mar-21,15075.0,15075.0,1.0,Strong
GRASIM,Mar-22,7038.0,7038.0,1.0,Strong
GRASIM,Mar-23,-12685.0,-12685.0,1.0,Strong
GRASIM,Mar-24,-10719.0,-10719.0,1.0,Strong
HAL,Mar-17,-423.0,-423.0,1.0,Strong
HAL,Mar-18,-734.0,-734.0,1.0,Strong
HAL,Mar-19,-7694.0,-7694.0,1.0,Strong
HAL,Mar-20,1537.0,1537.0,1.0,Strong
HAL,Mar-21,15124.0,15124.0,1.0,Strong
HAL,Mar-22,10180.0,10180.0,1.0,Strong
HAL,Mar-23,8836.0,8836.0,1.0,Strong
HAL,Mar-24,8226.0,8226.0,1.0,Strong
HAVELLS,Mar-13,638.0,638.0,1.0,Strong
HAVELLS,Mar-14,868.0,868.0,1.0,Strong
HAVELLS,Mar-15,963.0,963.0,1.0,Strong
HAVELLS,Mar-16,513.0,513.0,1.0,Strong
HAVELLS,Mar-17,767.0,767.0,1.0,Strong
HAVELLS,Mar-18,1100.0,1100.0,1.0,Strong
HAVELLS,Mar-19,501.0,501.0,1.0,Strong
HAVELLS,Mar-20,827.0,827.0,1.0,Strong
HAVELLS,Mar-21,660.0,660.0,1.0,Strong
HAVELLS,Mar-22,1728.0,1728.0,1.0,Strong
HAVELLS,Mar-23,565.0,565.0,1.0,Strong
HAVELLS,Mar-24,1953.0,1953.0,1.0,Strong
HCLTECH,Jun-13,4492.0,4492.0,1.0,Strong
HCLTECH,Jun-14,6457.0,6457.0,1.0,Strong
HCLTECH,Jun-15,5539.0,5539.0,1.0,Strong
HCLTECH,Mar-16,3823.0,,,Unknown
HCLTECH,Mar-17,8995.0,8995.0,1.0,Strong
HCLTECH,Mar-18,8328.0,8328.0,1.0,Strong
HCLTECH,Mar-19,8971.0,8971.0,1.0,Strong
HCLTECH,Mar-20,13359.0,13359.0,1.0,Strong
HCLTECH,Mar-21,19618.0,19618.0,1.0,Strong
HCLTECH,Mar-22,16900.0,16900.0,1.0,Strong
HCLTECH,Mar-23,18009.0,18009.0,1.0,Strong
HCLTECH,Mar-24,22448.0,22448.0,1.0,Strong
HDFCBANK,Mar-13,-5847.0,-5847.0,1.0,Strong
HDFCBANK,Mar-14,4211.0,4211.0,1.0,Strong
HDFCBANK,Mar-15,-21281.0,-21281.0,1.0,Strong
HDFCBANK,Mar-16,-34435.0,-34435.0,1.0,Strong
HDFCBANK,Mar-17,17282.0,17282.0,1.0,Strong
HDFCBANK,Mar-18,17214.0,17214.0,1.0,Strong
HDFCBANK,Mar-19,-62872.0,-62872.0,1.0,Strong
HDFCBANK,Mar-20,-16869.0,-16869.0,1.0,Strong
HDFCBANK,Mar-21,42476.0,42476.0,1.0,Strong
HDFCBANK,Mar-22,-11960.0,-11960.0,1.0,Strong
HDFCBANK,Mar-23,20814.0,20814.0,1.0,Strong
HDFCBANK,Mar-24,19069.0,19069.0,1.0,Strong
HDFCLIFE,Mar-13,,,,Unknown
HDFCLIFE,Mar-14,,,,Unknown
HDFCLIFE,Mar-15,4459.0,4459.0,1.0,Strong
HDFCLIFE,Mar-16,5687.0,5687.0,1.0,Strong
HDFCLIFE,Mar-17,6230.0,6230.0,1.0,Strong
HDFCLIFE,Mar-18,6739.0,6739.0,1.0,Strong
HDFCLIFE,Mar-19,9868.0,9868.0,1.0,Strong
HDFCLIFE,Mar-20,7388.0,7388.0,1.0,Strong
HDFCLIFE,Mar-21,9703.0,9703.0,1.0,Strong
HDFCLIFE,Mar-22,5943.0,5943.0,1.0,Strong
HDFCLIFE,Mar-23,6883.0,6883.0,1.0,Strong
HDFCLIFE,Mar-24,10721.0,10721.0,1.0,Strong
HEROMOTOCO,Mar-14,2963.0,2963.0,1.0,Strong
HEROMOTOCO,Mar-15,2186.0,2186.0,1.0,Strong
HEROMOTOCO,Mar-16,3722.0,3722.0,1.0,Strong
HEROMOTOCO,Mar-17,4007.0,4007.0,1.0,Strong
HEROMOTOCO,Mar-18,4017.0,4017.0,1.0,Strong
HEROMOTOCO,Mar-19,1032.0,1032.0,1.0,Strong
HEROMOTOCO,Mar-20,5518.0,5518.0,1.0,Strong
HEROMOTOCO,Mar-21,4110.0,4110.0,1.0,Strong
HEROMOTOCO,Mar-22,2104.0,2104.0,1.0,Strong
HEROMOTOCO,Mar-23,2614.0,2614.0,1.0,Strong
HEROMOTOCO,Mar-24,4923.0,4923.0,1.0,Strong
HINDALCO,Mar-13,2977.0,2977.0,1.0,Strong
HINDALCO,Mar-14,7956.0,7956.0,1.0,Strong
HINDALCO,Mar-15,7143.0,7143.0,1.0,Strong
HINDALCO,Mar-16,11688.0,11688.0,1.0,Strong
HINDALCO,Mar-17,12687.0,12687.0,1.0,Strong
HINDALCO,Mar-18,10898.0,10898.0,1.0,Strong
HINDALCO,Mar-19,11977.0,11977.0,1.0,Strong
HINDALCO,Mar-20,12745.0,12745.0,1.0,Strong
HINDALCO,Mar-21,17232.0,17232.0,1.0,Strong
HINDALCO,Mar-22,16838.0,16838.0,1.0,Strong
HINDALCO,Mar-23,19208.0,19208.0,1.0,Strong
HINDALCO,Mar-24,24056.0,24056.0,1.0,Strong
HINDUNILVR,Mar-13,3605.0,3605.0,1.0,Strong
HINDUNILVR,Mar-14,3818.0,3818.0,1.0,Strong
HINDUNILVR,Mar-15,3292.0,3292.0,1.0,Strong
HINDUNILVR,Mar-16,4171.0,4171.0,1.0,Strong
HINDUNILVR,Mar-17,5185.0,5185.0,1.0,Strong
HINDUNILVR,Mar-18,6059.0,6059.0,1.0,Strong
HINDUNILVR,Mar-19,5800.0,5800.0,1.0,Strong
HINDUNILVR,Mar-20,7623.0,7623.0,1.0,Strong
HINDUNILVR,Mar-21,9163.0,9163.0,1.0,Strong
HINDUNILVR,Mar-22,9048.0,9048.0,1.0,Strong
HINDUNILVR,Mar-23,9991.0,9991.0,1.0,Strong
HINDUNILVR,Mar-24,15469.0,15469.0,1.0,Strong
ICICIBANK,Mar-13,17494.0,17494.0,1.0,Strong
ICICIBANK,Mar-14,6765.0,6765.0,1.0,Strong
ICICIBANK,Mar-15,-12273.0,-12273.0,1.0,Strong
ICICIBANK,Mar-16,23645.0,23645.0,1.0,Strong
ICICIBANK,Mar-17,52636.0,52636.0,1.0,Strong
ICICIBANK,Mar-18,19383.0,19383.0,1.0,Strong
ICICIBANK,Mar-19,48671.0,48671.0,1.0,Strong
ICICIBANK,Mar-20,79565.0,79565.0,1.0,Strong
ICICIBANK,Mar-21,138015.0,138015.0,1.0,Strong
ICICIBANK,Mar-22,58111.0,58111.0,1.0,Strong
ICICIBANK,Mar-23,-3771.0,-3771.0,1.0,Strong
ICICIBANK,Mar-24,157284.0,157284.0,1.0,Strong
ICICIGI,Mar-13,984.0,984.0,1.0,Strong
ICICIGI,Mar-14,595.0,595.0,1.0,Strong
ICICIGI,Mar-15,-98.0,-98.0,1.0,Strong
ICICIGI,Mar-16,511.0,511.0,1.0,Strong
ICICIGI,Mar-17,1628.0,1628.0,1.0,Strong
ICICIGI,Mar-18,2390.0,2390.0,1.0,Strong
ICICIGI,Mar-19,2976.0,2976.0,1.0,Strong
ICICIGI,Mar-20,3433.0,3433.0,1.0,Strong
ICICIGI,Mar-21,1774.0,1774.0,1.0,Strong
ICICIGI,Mar-22,809.0,809.0,1.0,Strong
ICICIGI,Mar-23,2290.0,2290.0,1.0,Strong
ICICIGI,Mar-24,2407.0,2407.0,1.0,Strong
ICICIPRULI,Mar-13,-2641.0,-2641.0,1.0,Strong
ICICIPRULI,Mar-14,-2382.0,-2382.0,1.0,Strong
ICICIPRULI,Mar-15,523.0,523.0,1.0,Strong
ICICIPRULI,Mar-16,3634.0,3634.0,1.0,Strong
ICICIPRULI,Mar-17,4130.0,4130.0,1.0,Strong
ICICIPRULI,Mar-18,5690.0,5690.0,1.0,Strong
ICICIPRULI,Mar-19,11377.0,11377.0,1.0,Strong
ICICIPRULI,Mar-20,8596.0,8596.0,1.0,Strong
ICICIPRULI,Mar-21,7314.0,7314.0,1.0,Strong
ICICIPRULI,Mar-22,1831.0,1831.0,1.0,Strong
ICICIPRULI,Mar-23,89.0,89.0,1.0,Strong
ICICIPRULI,Mar-24,-7315.0,-7315.0,1.0,Strong
INDIGO,Mar-13,1741.0,1741.0,1.0,Strong
INDIGO,Mar-14,1595.0,1595.0,1.0,Strong
INDIGO,Mar-15,2384.0,2384.0,1.0,Strong
INDIGO,Mar-16,3116.0,3116.0,1.0,Strong
INDIGO,Mar-17,3782.0,3782.0,1.0,Strong
INDIGO,Mar-18,3903.0,3903.0,1.0,Strong
INDIGO,Mar-19,3160.0,3160.0,1.0,Strong
INDIGO,Mar-20,6943.0,6943.0,1.0,Strong
INDIGO,Mar-21,-1620.0,-1620.0,1.0,Strong
INDIGO,Mar-22,2064.0,2064.0,1.0,Strong
INDIGO,Mar-23,12703.0,12703.0,1.0,Strong
INDIGO,Mar-24,21183.0,21183.0,1.0,Strong
INDUSINDBK,Mar-13,-486.0,-486.0,1.0,Strong
INDUSINDBK,Mar-14,-4106.0,-4106.0,1.0,Strong
INDUSINDBK,Mar-15,-1421.0,-1421.0,1.0,Strong
INDUSINDBK,Mar-16,-2927.0,-2927.0,1.0,Strong
INDUSINDBK,Mar-17,11569.0,11569.0,1.0,Strong
INDUSINDBK,Mar-18,-20700.0,-20700.0,1.0,Strong
INDUSINDBK,Mar-19,-6389.0,-6389.0,1.0,Strong
INDUSINDBK,Mar-20,-12039.0,-12039.0,1.0,Strong
INDUSINDBK,Mar-21,44646.0,44646.0,1.0,Strong
INDUSINDBK,Mar-22,16600.0,16600.0,1.0,Strong
INDUSINDBK,Mar-23,-12438.0,-12438.0,1.0,Strong
INDUSINDBK,Mar-24,-16843.0,-16843.0,1.0,Strong
INFY,Mar-13,7373.0,7373.0,1.0,Strong
INFY,Mar-14,9825.0,9825.0,1.0,Strong
INFY,Mar-15,8353.0,8353.0,1.0,Strong
INFY,Mar-16,10028.0,10028.0,1.0,Strong
INFY,Mar-17,11531.0,11531.0,1.0,Strong
INFY,Mar-18,13218.0,13218.0,1.0,Strong
INFY,Mar-19,14841.0,14841.0,1.0,Strong
INFY,Mar-20,17003.0,17003.0,1.0,Strong
INFY,Mar-21,23224.0,23224.0,1.0,Strong
INFY,Mar-22,23885.0,23885.0,1.0,Strong
INFY,Mar-23,22467.0,22467.0,1.0,Strong
INFY,Mar-24,25210.0,25210.0,1.0,Strong
IOC,Mar-13,9340.0,9340.0,1.0,Strong
IOC,Mar-14,24195.0,24195.0,1.0,Strong
IOC,Mar-15,46092.0,46092.0,1.0,Strong
IOC,Mar-16,25624.0,25624.0,1.0,Strong
IOC,Mar-17,28216.0,28216.0,1.0,Strong
IOC,Mar-18,29115.0,29115.0,1.0,Strong
IOC,Mar-19,12747.0,12747.0,1.0,Strong
IOC,Mar-20,7146.0,7146.0,1.0,Strong
IOC,Mar-21,49650.0,49650.0,1.0,Strong
IOC,Mar-22,25747.0,25747.0,1.0,Strong
IOC,Mar-23,29644.0,29644.0,1.0,Strong
IOC,Mar-24,71099.0,71099.0,1.0,Strong
IRCTC,Mar-15,69.0,69.0,1.0,Strong
IRCTC,Mar-16,288.0,288.0,1.0,Strong
IRCTC,Mar-17,338.0,338.0,1.0,Strong
IRCTC,Mar-18,24.0,24.0,1.0,Strong
IRCTC,Mar-19,499.0,499.0,1.0,Strong
IRCTC,Mar-20,409.0,409.0,1.0,Strong
IRCTC,Mar-21,248.0,248.0,1.0,Strong
IRCTC,Mar-22,524.0,524.0,1.0,Strong
IRCTC,Mar-23,812.0,812.0,1.0,Strong
IRCTC,Mar-24,882.0,882.0,1.0,Strong
IRFC,Mar-16,-16378.0,-16378.0,1.0,Strong
IRFC,Mar-17,-19455.0,-19455.0,1.0,Strong
IRFC,Mar-18,-28076.0,-28076.0,1.0,Strong
IRFC,Mar-19,-41748.0,-41748.0,1.0,Strong
IRFC,Mar-20,-62701.0,-62701.0,1.0,Strong
IRFC,Mar-21,-89907.0,-89907.0,1.0,Strong
IRFC,Mar-22,-64412.0,-64412.0,1.0,Strong
IRFC,Mar-23,-28588.0,-28588.0,1.0,Strong
IRFC,Mar-24,7914.0,7914.0,1.0,Strong
ITC,Mar-13,7102.0,7102.0,1.0,Strong
ITC,Mar-14,7344.0,7344.0,1.0,Strong
ITC,Mar-15,9843.0,9843.0,1.0,Strong
ITC,Mar-16,9799.0,9799.0,1.0,Strong
ITC,Mar-17,10627.0,10627.0,1.0,Strong
ITC,Mar-18,13169.0,13169.0,1.0,Strong
ITC,Mar-19,12583.0,12583.0,1.0,Strong
ITC,Mar-20,14690.0,14690.0,1.0,Strong
ITC,Mar-21,12527.0,12527.0,1.0,Strong
ITC,Mar-22,15776.0,15776.0,1.0,Strong
ITC,Mar-23,18878.0,18878.0,1.0,Strong
ITC,Mar-24,17179.0,17179.0,1.0,Strong
JINDALSTEL,Mar-13,3522.0,3522.0,1.0,Strong
JINDALSTEL,Mar-14,4580.0,4580.0,1.0,Strong
JINDALSTEL,Mar-15,1182.0,1182.0,1.0,Strong
JINDALSTEL,Mar-16,4333.0,4333.0,1.0,Strong
JINDALSTEL,Mar-17,6850.0,6850.0,1.0,Strong
JINDALSTEL,Mar-18,7724.0,7724.0,1.0,Strong
JINDALSTEL,Mar-19,9027.0,9027.0,1.0,Strong
JINDALSTEL,Mar-20,8814.0,8814.0,1.0,Strong
JINDALSTEL,Mar-21,11961.0,11961.0,1.0,Strong
JINDALSTEL,Mar-22,16048.0,16048.0,1.0,Strong
JINDALSTEL,Mar-23,7347.0,7347.0,1.0,Strong
JINDALSTEL,Mar-24,6008.0,6008.0,1.0,Strong
JIOFIN,Mar-23,2055.0,2055.0,1.0,Strong
JIOFIN,Mar-24,-678.0,-678.0,1.0,Strong
JSWENERGY,Mar-13,1725.0,1725.0,1.0,Strong
JSWENERGY,Mar-14,2269.0,2269.0,1.0,Strong
JSWENERGY,Mar-15,3394.0,3394.0,1.0,Strong
JSWENERGY,Mar-16,3538.0,3538.0,1.0,Strong
JSWENERGY,Mar-17,3853.0,3853.0,1.0,Strong
JSWENERGY,Mar-18,3934.0,3934.0,1.0,Strong
JSWENERGY,Mar-19,2491.0,2491.0,1.0,Strong
JSWENERGY,Mar-20,2082.0,2082.0,1.0,Strong
JSWENERGY,Mar-21,3700.0,3700.0,1.0,Strong
JSWENERGY,Mar-22,2952.0,2952.0,1.0,Strong
JSWENERGY,Mar-23,2084.0,2084.0,1.0,Strong
JSWENERGY,Mar-24,6234.0,6234.0,1.0,Strong
JSWSTEEL,Mar-13,5844.0,5844.0,1.0,Strong
JSWSTEEL,Mar-14,2594.0,2594.0,1.0,Strong
JSWSTEEL,Mar-15,7876.0,7876.0,1.0,Strong
JSWSTEEL,Mar-16,6897.0,6897.0,1.0,Strong
JSWSTEEL,Mar-17,7888.0,7888.0,1.0,Strong
JSWSTEEL,Mar-18,12379.0,12379.0,1.0,Strong
JSWSTEEL,Mar-19,14633.0,14633.0,1.0,Strong
JSWSTEEL,Mar-20,12785.0,12785.0,1.0,Strong
JSWSTEEL,Mar-21,18789.0,18789.0,1.0,Strong
JSWSTEEL,Mar-22,26270.0,26270.0,1.0,Strong
JSWSTEEL,Mar-23,23323.0,23323.0,1.0,Strong
JSWSTEEL,Mar-24,12078.0,12078.0,1.0,Strong
KOTAKBANK,Mar-13,2878.0,2878.0,1.0,Strong
KOTAKBANK,Mar-14,9068.0,9068.0,1.0,Strong
KOTAKBANK,Mar-15,2302.0,2302.0,1.0,Strong
KOTAKBANK,Mar-16,5025.0,5025.0,1.0,Strong
KOTAKBANK,Mar-17,13222.0,13222.0,1.0,Strong
KOTAKBANK,Mar-18,-10392.0,-10392.0,1.0,Strong
KOTAKBANK,Mar-19,1822.0,1822.0,1.0,Strong
KOTAKBANK,Mar-20,46619.0,46619.0,1.0,Strong
KOTAKBANK,Mar-21,4881.0,4881.0,1.0,Strong
KOTAKBANK,Mar-22,8308.0,8308.0,1.0,Strong
KOTAKBANK,Mar-23,-1242.0,-1242.0,1.0,Strong
KOTAKBANK,Mar-24,15685.0,15685.0,1.0,Strong
LICI,Mar-19,13274.0,13274.0,1.0,Strong
LICI,Mar-20,54367.0,54367.0,1.0,Strong
LICI,Mar-21,80602.0,80602.0,1.0,Strong
LICI,Mar-22,-3783.0,-3783.0,1.0,Strong
LICI,Mar-23,54519.0,54519.0,1.0,Strong
LICI,Mar-24,26122.0,26122.0,1.0,Strong
LODHA,Mar-16,387.0,387.0,1.0,Strong
LODHA,Mar-17,1469.0,1469.0,1.0,Strong
LODHA,Mar-18,696.0,696.0,1.0,Strong
LODHA,Mar-19,-463.0,-463.0,1.0,Strong
LODHA,Mar-20,3772.0,3772.0,1.0,Strong
LODHA,Mar-21,2524.0,2524.0,1.0,Strong
LODHA,Mar-22,1998.0,1998.0,1.0,Strong
LODHA,Mar-23,2750.0,2750.0,1.0,Strong
LODHA,Mar-24,2512.0,2512.0,1.0,Strong
LT,Mar-13,-4355.0,-4355.0,1.0,Strong
LT,Mar-14,-7143.0,-7143.0,1.0,Strong
LT,Mar-15,-1365.0,-1365.0,1.0,Strong
LT,Mar-16,-3240.0,-3240.0,1.0,Strong
LT,Mar-17,6655.0,6655.0,1.0,Strong
LT,Mar-18,-10031.0,-10031.0,1.0,Strong
LT,Mar-19,-4756.0,-4756.0,1.0,Strong
LT,Mar-20,6694.0,6694.0,1.0,Strong
LT,Mar-21,23074.0,23074.0,1.0,Strong
LT,Mar-22,19164.0,19164.0,1.0,Strong
LT,Mar-23,22777.0,22777.0,1.0,Strong
LT,Mar-24,18266.0,18266.0,1.0,Strong
LTIM,Mar-13,608.0,608.0,1.0,Strong
LTIM,Mar-14,628.0,628.0,1.0,Strong
LTIM,Mar-15,642.0,642.0,1.0,Strong
LTIM,Mar-16,858.0,858.0,1.0,Strong
LTIM,Mar-17,1170.0,1170.0,1.0,Strong
LTIM,Mar-18,844.0,844.0,1.0,Strong
LTIM,Mar-19,1395.0,1395.0,1.0,Strong
LTIM,Mar-20,1644.0,1644.0,1.0,Strong
LTIM,Mar-21,2400.0,2400.0,1.0,Strong
LTIM,Mar-22,3251.0,3251.0,1.0,Strong
LTIM,Mar-23,3095.0,3095.0,1.0,Strong
LTIM,Mar-24,5670.0,5670.0,1.0,Strong
M&M,Mar-13,-922.0,-922.0,1.0,Strong
M&M,Mar-14,-244.0,-244.0,1.0,Strong
M&M,Mar-15,1055.0,1055.0,1.0,Strong
M&M,Mar-16,2385.0,2385.0,1.0,Strong
M&M,Mar-17,183.0,183.0,1.0,Strong
M&M,Mar-18,682.0,682.0,1.0,Strong
M&M,Mar-19,-4347.0,-4347.0,1.0,Strong
M&M,Mar-20,-1457.0,-1457.0,1.0,Strong
M&M,Mar-21,17909.0,17909.0,1.0,Strong
M&M,Mar-22,9248.0,9248.0,1.0,Strong
M&M,Mar-23,-7074.0,-7074.0,1.0,Strong
M&M,Mar-24,-5630.0,-5630.0,1.0,Strong
MARUTI,Mar-13,4059.0,4059.0,1.0,Strong
MARUTI,Mar-14,4995.0,4995.0,1.0,Strong
MARUTI,Mar-15,6449.0,6449.0,1.0,Strong
MARUTI,Mar-16,8482.0,8482.0,1.0,Strong
MARUTI,Mar-17,10282.0,10282.0,1.0,Strong
MARUTI,Mar-18,11788.0,11788.0,1.0,Strong
MARUTI,Mar-19,6601.0,6601.0,1.0,Strong
MARUTI,Mar-20,3496.0,3496.0,1.0,Strong
MARUTI,Mar-21,8856.0,8856.0,1.0,Strong
MARUTI,Mar-22,1840.0,1840.0,1.0,Strong
MARUTI,Mar-23,10815.0,10815.0,1.0,Strong
MARUTI,Mar-24,16801.0,16801.0,1.0,Strong
MOTHERSON,Mar-13,1486.0,1486.0,1.0,Strong
MOTHERSON,Mar-14,2695.0,2695.0,1.0,Strong
MOTHERSON,Mar-15,3390.0,3390.0,1.0,Strong
MOTHERSON,Mar-16,2188.0,2188.0,1.0,Strong
MOTHERSON,Mar-17,3800.0,3800.0,1.0,Strong
MOTHERSON,Mar-18,3264.0,3264.0,1.0,Strong
MOTHERSON,Mar-19,4312.0,4312.0,1.0,Strong
MOTHERSON,Mar-20,6352.0,6352.0,1.0,Strong
MOTHERSON,Mar-21,5051.0,5051.0,1.0,Strong
MOTHERSON,Mar-22,2463.0,2463.0,1.0,Strong
MOTHERSON,Mar-23,4643.0,4643.0,1.0,Strong
MOTHERSON,Mar-24,7569.0,7569.0,1.0,Strong
NAUKRI,Mar-13,75.0,75.0,1.0,Strong
NAUKRI,Mar-14,81.0,81.0,1.0,Strong
NAUKRI,Mar-15,51.0,51.0,1.0,Strong
NAUKRI,Mar-16,78.0,78.0,1.0,Strong
NAUKRI,Mar-17,213.0,213.0,1.0,Strong
NAUKRI,Mar-18,253.0,253.0,1.0,Strong
NAUKRI,Mar-19,276.0,276.0,1.0,Strong
NAUKRI,Mar-20,350.0,350.0,1.0,Strong
NAUKRI,Mar-21,276.0,276.0,1.0,Strong
NAUKRI,Mar-22,707.0,707.0,1.0,Strong
NAUKRI,Mar-23,512.0,512.0,1.0,Strong
NAUKRI,Mar-24,702.0,702.0,1.0,Strong
NESTLEIND,Dec-13,1796.0,1796.0,1.0,Strong
NESTLEIND,Dec-14,1644.0,1644.0,1.0,Strong
NESTLEIND,Dec-15,1098.0,1098.0,1.0,Strong
NESTLEIND,Dec-16,1466.0,1466.0,1.0,Strong
NESTLEIND,Dec-17,1818.0,1818.0,1.0,Strong
NESTLEIND,Dec-18,2052.0,2052.0,1.0,Strong
NESTLEIND,Dec-19,2295.0,2295.0,1.0,Strong
NESTLEIND,Dec-20,2454.0,2454.0,1.0,Strong
NESTLEIND,Dec-21,2236.0,2236.0,1.0,Strong
NESTLEIND,Dec-22,2737.0,2737.0,1.0,Strong
NESTLEIND,Dec-23,3392.0,3392.0,1.0,Strong
NESTLEIND,Mar-24,4175.0,4175.0,1.0,Strong
NHPC,Mar-13,2846.0,2846.0,1.0,Strong
NHPC,Mar-14,3824.0,3824.0,1.0,Strong
NHPC,Mar-15,4061.0,4061.0,1.0,Strong
NHPC,Mar-16,5971.0,5971.0,1.0,Strong
NHPC,Mar-17,8329.0,8329.0,1.0,Strong
NHPC,Mar-18,4696.0,4696.0,1.0,Strong
NHPC,Mar-19,3824.0,3824.0,1.0,Strong
NHPC,Mar-20,2993.0,2993.0,1.0,Strong
NHPC,Mar-21,5070.0,5070.0,1.0,Strong
NHPC,Mar-22,4590.0,4590.0,1.0,Strong
NHPC,Mar-23,4705.0,4705.0,1.0,Strong
NHPC,Mar-24,6938.0,6938.0,1.0,Strong
NTPC,Mar-13,16508.0,16508.0,1.0,Strong
NTPC,Mar-14,16531.0,16531.0,1.0,Strong
NTPC,Mar-15,14889.0,14889.0,1.0,Strong
NTPC,Mar-16,24125.0,24125.0,1.0,Strong
NTPC,Mar-17,20167.0,20167.0,1.0,Strong
NTPC,Mar-18,19670.0,19670.0,1.0,Strong
NTPC,Mar-19,18686.0,18686.0,1.0,Strong
NTPC,Mar-20,23890.0,23890.0,1.0,Strong
NTPC,Mar-21,32444.0,32444.0,1.0,Strong
NTPC,Mar-22,41788.0,41788.0,1.0,Strong
NTPC,Mar-23,47152.0,47152.0,1.0,Strong
NTPC,Mar-24,40785.0,40785.0,1.0,Strong
ONGC,Mar-13,39874.0,39874.0,1.0,Strong
ONGC,Mar-14,53270.0,53270.0,1.0,Strong
ONGC,Mar-15,33950.0,33950.0,1.0,Strong
ONGC,Mar-16,46292.0,46292.0,1.0,Strong
ONGC,Mar-17,45780.0,45780.0,1.0,Strong
ONGC,Mar-18,56792.0,56792.0,1.0,Strong
ONGC,Mar-19,61458.0,61458.0,1.0,Strong
ONGC,Mar-20,70593.0,70593.0,1.0,Strong
ONGC,Mar-21,47185.0,47185.0,1.0,Strong
ONGC,Mar-22,78248.0,78248.0,1.0,Strong
ONGC,Mar-23,86062.0,86062.0,1.0,Strong
ONGC,Mar-24,99263.0,99263.0,1.0,Strong
PFC,Mar-13,-25102.0,-25102.0,1.0,Strong
PFC,Mar-14,-22473.0,-22473.0,1.0,Strong
PFC,Mar-15,-21455.0,-21455.0,1.0,Strong
PFC,Mar-16,-13298.0,-13298.0,1.0,Strong
PFC,Mar-17,1795.0,1795.0,1.0,Strong
PFC,Mar-18,-57148.0,-57148.0,1.0,Strong
PFC,Mar-19,-80252.0,-80252.0,1.0,Strong
PFC,Mar-20,-42148.0,-42148.0,1.0,Strong
PFC,Mar-21,-59143.0,-59143.0,1.0,Strong
PFC,Mar-22,4904.0,4904.0,1.0,Strong
PFC,Mar-23,-74717.0,-74717.0,1.0,Strong
PFC,Mar-24,-97820.0,-97820.0,1.0,Strong
PIDILITIND,Mar-13,472.0,472.0,1.0,Strong
PIDILITIND,Mar-14,394.0,394.0,1.0,Strong
PIDILITIND,Mar-15,552.0,552.0,1.0,Strong
PIDILITIND,Mar-16,907.0,907.0,1.0,Strong
PIDILITIND,Mar-17,794.0,794.0,1.0,Strong
PIDILITIND,Mar-18,796.0,796.0,1.0,Strong
PIDILITIND,Mar-19,845.0,845.0,1.0,Strong
PIDILITIND,Mar-20,1280.0,1280.0,1.0,Strong
PIDILITIND,Mar-21,1392.0,1392.0,1.0,Strong
PIDILITIND,Mar-22,955.0,955.0,1.0,Strong
PIDILITIND,Mar-23,1558.0,1558.0,1.0,Strong
PIDILITIND,Mar-24,2724.0,2724.0,1.0,Strong
PNB,Mar-13,-692.0,-692.0,1.0,Strong
PNB,Mar-14,16906.0,16906.0,1.0,Strong
PNB,Mar-15,4814.0,4814.0,1.0,Strong
PNB,Mar-16,14167.0,14167.0,1.0,Strong
PNB,Mar-17,21938.0,21938.0,1.0,Strong
PNB,Mar-18,-1742.0,-1742.0,1.0,Strong
PNB,Mar-19,-33532.0,-33532.0,1.0,Strong
PNB,Mar-20,-12793.0,-12793.0,1.0,Strong
PNB,Mar-21,30950.0,30950.0,1.0,Strong
PNB,Mar-22,20032.0,20032.0,1.0,Strong
PNB,Mar-23,22592.0,22592.0,1.0,Strong
PNB,Mar-24,-27939.0,-27939.0,1.0,Strong
POWERGRID,Mar-13,11690.0,11690.0,1.0,Strong
POWERGRID,Mar-14,15223.0,15223.0,1.0,Strong
POWERGRID,Mar-15,15800.0,15800.0,1.0,Strong
POWERGRID,Mar-16,15008.0,15008.0,1.0,Strong
POWERGRID,Mar-17,21575.0,21575.0,1.0,Strong
POWERGRID,Mar-18,22710.0,22710.0,1.0,Strong
POWERGRID,Mar-19,23271.0,23271.0,1.0,Strong
POWERGRID,Mar-20,30739.0,30739.0,1.0,Strong
POWERGRID,Mar-21,29403.0,29403.0,1.0,Strong
POWERGRID,Mar-22,26124.0,26124.0,1.0,Strong
POWERGRID,Mar-23,40203.0,40203.0,1.0,Strong
POWERGRID,Mar-24,37290.0,37290.0,1.0,Strong
RECLTD,Mar-13,-20059.0,-20059.0,1.0,Strong
RECLTD,Mar-14,-17244.0,-17244.0,1.0,Strong
RECLTD,Mar-15,-23898.0,-23898.0,1.0,Strong
RECLTD,Mar-16,-13278.0,-13278.0,1.0,Strong
RECLTD,Mar-17,6805.0,6805.0,1.0,Strong
RECLTD,Mar-18,-32510.0,-32510.0,1.0,Strong
RECLTD,Mar-19,-35866.0,-35866.0,1.0,Strong
RECLTD,Mar-20,-32712.0,-32712.0,1.0,Strong
RECLTD,Mar-21,-43512.0,-43512.0,1.0,Strong
RECLTD,Mar-22,-819.0,-819.0,1.0,Strong
RECLTD,Mar-23,-37360.0,-37360.0,1.0,Strong
RECLTD,Mar-24,-57723.0,-57723.0,1.0,Strong
RELIANCE,Mar-13,36918.0,36918.0,1.0,Strong
RELIANCE,Mar-14,43261.0,43261.0,1.0,Strong
RELIANCE,Mar-15,34374.0,34374.0,1.0,Strong
RELIANCE,Mar-16,38134.0,38134.0,1.0,Strong
RELIANCE,Mar-17,49550.0,49550.0,1.0,Strong
RELIANCE,Mar-18,71459.0,71459.0,1.0,Strong
RELIANCE,Mar-19,42346.0,42346.0,1.0,Strong
RELIANCE,Mar-20,94877.0,94877.0,1.0,Strong
RELIANCE,Mar-21,26958.0,26958.0,1.0,Strong
RELIANCE,Mar-22,110654.0,110654.0,1.0,Strong
RELIANCE,Mar-23,115032.0,115032.0,1.0,Strong
RELIANCE,Mar-24,158788.0,158788.0,1.0,Strong
SBILIFE,Mar-13,1130.0,1130.0,1.0,Strong
SBILIFE,Mar-14,166.0,166.0,1.0,Strong
SBILIFE,Mar-15,2711.0,2711.0,1.0,Strong
SBILIFE,Mar-16,5778.0,5778.0,1.0,Strong
SBILIFE,Mar-17,8525.0,8525.0,1.0,Strong
SBILIFE,Mar-18,10395.0,10395.0,1.0,Strong
SBILIFE,Mar-19,13473.0,13473.0,1.0,Strong
SBILIFE,Mar-20,19299.0,19299.0,1.0,Strong
SBILIFE,Mar-21,23878.0,23878.0,1.0,Strong
SBILIFE,Mar-22,21852.0,21852.0,1.0,Strong
SBILIFE,Mar-23,28656.0,28656.0,1.0,Strong
SBILIFE,Mar-24,29122.0,29122.0,1.0,Strong
SBIN,Mar-13,24332.0,,,Unknown
SBIN,Mar-14,19142.0,,,Unknown
SBIN,Mar-15,26297.0,,,Unknown
SBIN,Mar-16,14477.0,,,Unknown
SBIN,Mar-17,77406.0,,,Unknown
SBIN,Mar-18,-96508.0,,,Unknown
SBIN,Mar-19,29556.0,,,Unknown
SBIN,Mar-20,23929.0,,,Unknown
SBIN,Mar-21,89919.0,,,Unknown
SBIN,Mar-22,57695.0,,,Unknown
SBIN,Mar-23,-86014.0,,,Unknown
SBIN,Mar-24,21632.0,,,Unknown
SHREECEM,Jun-13,1260.0,1260.0,1.0,Strong
SHREECEM,Jun-14,1401.0,1401.0,1.0,Strong
SHREECEM,Jun-15,1239.0,1239.0,1.0,Strong
SHREECEM,Mar-16,1566.0,,,Unknown
SHREECEM,Mar-17,2202.0,2202.0,1.0,Strong
SHREECEM,Mar-18,1879.0,1879.0,1.0,Strong
SHREECEM,Mar-19,2080.0,2080.0,1.0,Strong
SHREECEM,Mar-20,3973.0,3973.0,1.0,Strong
SHREECEM,Mar-21,4254.0,4254.0,1.0,Strong
SHREECEM,Mar-22,2668.0,2668.0,1.0,Strong
SHREECEM,Mar-23,2569.0,2569.0,1.0,Strong
SHREECEM,Mar-24,3347.0,3347.0,1.0,Strong
SHRIRAMFIN,Mar-13,-8359.0,-8359.0,1.0,Strong
SHRIRAMFIN,Mar-14,-4055.0,-4055.0,1.0,Strong
SHRIRAMFIN,Mar-15,-9611.0,-9611.0,1.0,Strong
SHRIRAMFIN,Mar-16,-5507.0,-5507.0,1.0,Strong
SHRIRAMFIN,Mar-17,-2677.0,-2677.0,1.0,Strong
SHRIRAMFIN,Mar-18,-13142.0,-13142.0,1.0,Strong
SHRIRAMFIN,Mar-19,-5535.0,-5535.0,1.0,Strong
SHRIRAMFIN,Mar-20,-2464.0,-2464.0,1.0,Strong
SHRIRAMFIN,Mar-21,-4239.0,-4239.0,1.0,Strong
SHRIRAMFIN,Mar-22,-8859.0,-8859.0,1.0,Strong
SHRIRAMFIN,Mar-23,-17625.0,-17625.0,1.0,Strong
SHRIRAMFIN,Mar-24,-31101.0,-31101.0,1.0,Strong
SIEMENS,Sep-2011,3.0,3.0,1.0,Strong
SIEMENS,Sep-14,608.0,608.0,1.0,Strong
SIEMENS,Sep-15,574.0,574.0,1.0,Strong
SIEMENS,Sep-16,513.0,513.0,1.0,Strong
SIEMENS,Sep-17,573.0,573.0,1.0,Strong
SIEMENS,Sep-18,100.0,100.0,1.0,Strong
SIEMENS,Sep-19,1273.0,1273.0,1.0,Strong
SIEMENS,Sep-20,720.0,720.0,1.0,Strong
SIEMENS,Sep-21,1422.0,1422.0,1.0,Strong
SIEMENS,Sep-22,978.0,978.0,1.0,Strong
SIEMENS,Sep-23,1400.0,1400.0,1.0,Strong
SIEMENS,Sep-24,1670.0,1670.0,1.0,Strong
SUNPHARMA,Mar-13,3357.0,3357.0,1.0,Strong
SUNPHARMA,Mar-14,3959.0,3959.0,1.0,Strong
SUNPHARMA,Mar-15,5616.0,5616.0,1.0,Strong
SUNPHARMA,Mar-16,6686.0,6686.0,1.0,Strong
SUNPHARMA,Mar-17,7082.0,7082.0,1.0,Strong
SUNPHARMA,Mar-18,3907.0,3907.0,1.0,Strong
SUNPHARMA,Mar-19,2196.0,2196.0,1.0,Strong
SUNPHARMA,Mar-20,6555.0,6555.0,1.0,Strong
SUNPHARMA,Mar-21,6170.0,6170.0,1.0,Strong
SUNPHARMA,Mar-22,8985.0,8985.0,1.0,Strong
SUNPHARMA,Mar-23,4959.0,4959.0,1.0,Strong
SUNPHARMA,Mar-24,12135.0,12135.0,1.0,Strong
TATACONSUM,Mar-13,173.0,173.0,1.0,Strong
TATACONSUM,Mar-14,422.0,422.0,1.0,Strong
TATACONSUM,Mar-15,418.0,418.0,1.0,Strong
TATACONSUM,Mar-16,116.0,116.0,1.0,Strong
TATACONSUM,Mar-17,741.0,741.0,1.0,Strong
TATACONSUM,Mar-18,356.0,356.0,1.0,Strong
TATACONSUM,Mar-19,210.0,210.0,1.0,Strong
TATACONSUM,Mar-20,1082.0,1082.0,1.0,Strong
TATACONSUM,Mar-21,1656.0,1656.0,1.0,Strong
TATACONSUM,Mar-22,1516.0,1516.0,1.0,Strong
TATACONSUM,Mar-23,1461.0,1461.0,1.0,Strong
TATACONSUM,Mar-24,1937.0,1937.0,1.0,Strong
TATAMOTORS,Mar-13,22163.0,22163.0,1.0,Strong
TATAMOTORS,Mar-14,36151.0,36151.0,1.0,Strong
TATAMOTORS,Mar-15,35531.0,35531.0,1.0,Strong
TATAMOTORS,Mar-16,37900.0,37900.0,1.0,Strong
TATAMOTORS,Mar-17,30199.0,30199.0,1.0,Strong
TATAMOTORS,Mar-18,23857.0,23857.0,1.0,Strong
TATAMOTORS,Mar-19,18891.0,18891.0,1.0,Strong
TATAMOTORS,Mar-20,26633.0,26633.0,1.0,Strong
TATAMOTORS,Mar-21,29001.0,29001.0,1.0,Strong
TATAMOTORS,Mar-22,14283.0,14283.0,1.0,Strong
TATAMOTORS,Mar-23,35388.0,35388.0,1.0,Strong
TATAMOTORS,Mar-24,67915.0,67915.0,1.0,Strong
TATAPOWER,Mar-13,3286.0,3286.0,1.0,Strong
TATAPOWER,Mar-14,6483.0,6483.0,1.0,Strong
TATAPOWER,Mar-15,5981.0,5981.0,1.0,Strong
TATAPOWER,Mar-16,7415.0,7415.0,1.0,Strong
TATAPOWER,Mar-17,7014.0,7014.0,1.0,Strong
TATAPOWER,Mar-18,6364.0,6364.0,1.0,Strong
TATAPOWER,Mar-19,4574.0,4574.0,1.0,Strong
TATAPOWER,Mar-20,7375.0,7375.0,1.0,Strong
TATAPOWER,Mar-21,8345.0,8345.0,1.0,Strong
TATAPOWER,Mar-22,6693.0,6693.0,1.0,Strong
TATAPOWER,Mar-23,7166.0,7166.0,1.0,Strong
TATAPOWER,Mar-24,12596.0,12596.0,1.0,Strong
TATASTEEL,Mar-13,14035.0,14035.0,1.0,Strong
TATASTEEL,Mar-14,13146.0,13146.0,1.0,Strong
TATASTEEL,Mar-15,11880.0,11880.0,1.0,Strong
TATASTEEL,Mar-16,11455.0,11455.0,1.0,Strong
TATASTEEL,Mar-17,10824.0,10824.0,1.0,Strong
TATASTEEL,Mar-18,8023.0,8023.0,1.0,Strong
TATASTEEL,Mar-19,25336.0,25336.0,1.0,Strong
TATASTEEL,Mar-20,20169.0,20169.0,1.0,Strong
TATASTEEL,Mar-21,44327.0,44327.0,1.0,Strong
TATASTEEL,Mar-22,44381.0,44381.0,1.0,Strong
TATASTEEL,Mar-23,21683.0,21683.0,1.0,Strong
TATASTEEL,Mar-24,20301.0,20301.0,1.0,Strong
TECHM,Mar-13,855.0,855.0,1.0,Strong
TECHM,Mar-14,1596.0,1596.0,1.0,Strong
TECHM,Mar-15,2448.0,2448.0,1.0,Strong
TECHM,Mar-16,3137.0,3137.0,1.0,Strong
TECHM,Mar-17,4071.0,4071.0,1.0,Strong
TECHM,Mar-18,3554.0,3554.0,1.0,Strong
TECHM,Mar-19,4432.0,4432.0,1.0,Strong
TECHM,Mar-20,4358.0,4358.0,1.0,Strong
TECHM,Mar-21,8094.0,8094.0,1.0,Strong
TECHM,Mar-22,5285.0,5285.0,1.0,Strong
TECHM,Mar-23,5572.0,5572.0,1.0,Strong
TECHM,Mar-24,6376.0,6376.0,1.0,Strong
TITAN,Mar-13,553.0,553.0,1.0,Strong
TITAN,Mar-14,-555.0,-555.0,1.0,Strong
TITAN,Mar-15,503.0,503.0,1.0,Strong
TITAN,Mar-16,576.0,576.0,1.0,Strong
TITAN,Mar-17,1712.0,1712.0,1.0,Strong
TITAN,Mar-18,-51.0,-51.0,1.0,Strong
TITAN,Mar-19,1243.0,1243.0,1.0,Strong
TITAN,Mar-20,-348.0,-348.0,1.0,Strong
TITAN,Mar-21,4139.0,4139.0,1.0,Strong
TITAN,Mar-22,-724.0,-724.0,1.0,Strong
TITAN,Mar-23,1370.0,1370.0,1.0,Strong
TITAN,Mar-24,1695.0,1695.0,1.0,Strong
TORNTPHARM,Mar-13,153.0,153.0,1.0,Strong
TORNTPHARM,Mar-14,599.0,599.0,1.0,Strong
TORNTPHARM,Mar-15,810.0,810.0,1.0,Strong
TORNTPHARM,Mar-16,2742.0,2742.0,1.0,Strong
TORNTPHARM,Mar-17,1009.0,1009.0,1.0,Strong
TORNTPHARM,Mar-18,894.0,894.0,1.0,Strong
TORNTPHARM,Mar-19,1798.0,1798.0,1.0,Strong
TORNTPHARM,Mar-20,1393.0,1393.0,1.0,Strong
TORNTPHARM,Mar-21,2005.0,2005.0,1.0,Strong
TORNTPHARM,Mar-22,1803.0,1803.0,1.0,Strong
TORNTPHARM,Mar-23,2368.0,2368.0,1.0,Strong
TORNTPHARM,Mar-24,3266.0,3266.0,1.0,Strong
TRENT,Mar-13,31.0,31.0,1.0,Strong
TRENT,Mar-14,-46.0,-46.0,1.0,Strong
TRENT,Mar-15,-10.0,-10.0,1.0,Strong
TRENT,Mar-16,109.0,109.0,1.0,Strong
TRENT,Mar-17,102.0,102.0,1.0,Strong
TRENT,Mar-18,77.0,77.0,1.0,Strong
TRENT,Mar-19,21.0,21.0,1.0,Strong
TRENT,Mar-20,361.0,361.0,1.0,Strong
TRENT,Mar-21,285.0,285.0,1.0,Strong
TRENT,Mar-22,58.0,58.0,1.0,Strong
TRENT,Mar-23,595.0,595.0,1.0,Strong
TRENT,Mar-24,1349.0,1349.0,1.0,Strong
TVSMOTOR,Mar-13,464.0,464.0,1.0,Strong
TVSMOTOR,Mar-14,470.0,470.0,1.0,Strong
TVSMOTOR,Mar-15,83.0,83.0,1.0,Strong
TVSMOTOR,Mar-16,936.0,936.0,1.0,Strong
TVSMOTOR,Mar-17,689.0,689.0,1.0,Strong
TVSMOTOR,Mar-18,354.0,354.0,1.0,Strong
TVSMOTOR,Mar-19,-918.0,-918.0,1.0,Strong
TVSMOTOR,Mar-20,373.0,373.0,1.0,Strong
TVSMOTOR,Mar-21,1151.0,1151.0,1.0,Strong
TVSMOTOR,Mar-22,-1575.0,-1575.0,1.0,Strong
TVSMOTOR,Mar-23,-4405.0,-4405.0,1.0,Strong
TVSMOTOR,Mar-24,-1253.0,-1253.0,1.0,Strong
ULTRACEMCO,Mar-13,3618.0,3618.0,1.0,Strong
ULTRACEMCO,Mar-14,3455.0,3455.0,1.0,Strong
ULTRACEMCO,Mar-15,4190.0,4190.0,1.0,Strong
ULTRACEMCO,Mar-16,4526.0,4526.0,1.0,Strong
ULTRACEMCO,Mar-17,5005.0,5005.0,1.0,Strong
ULTRACEMCO,Mar-18,3888.0,3888.0,1.0,Strong
ULTRACEMCO,Mar-19,5956.0,5956.0,1.0,Strong
ULTRACEMCO,Mar-20,8972.0,8972.0,1.0,Strong
ULTRACEMCO,Mar-21,12500.0,12500.0,1.0,Strong
ULTRACEMCO,Mar-22,9283.0,9283.0,1.0,Strong
ULTRACEMCO,Mar-23,9069.0,9069.0,1.0,Strong
ULTRACEMCO,Mar-24,10898.0,10898.0,1.0,Strong
UNIONBANK,Mar-13,-4245.0,-4245.0,1.0,Strong
UNIONBANK,Mar-14,2570.0,2570.0,1.0,Strong
UNIONBANK,Mar-15,-3567.0,-3567.0,1.0,Strong
UNIONBANK,Mar-16,81.0,81.0,1.0,Strong
UNIONBANK,Mar-17,-6624.0,-6624.0,1.0,Strong
UNIONBANK,Mar-18,6097.0,6097.0,1.0,Strong
UNIONBANK,Mar-19,-7778.0,-7778.0,1.0,Strong
UNIONBANK,Mar-20,-77.0,-77.0,1.0,Strong
UNIONBANK,Mar-21,20527.0,20527.0,1.0,Strong
UNIONBANK,Mar-22,36339.0,36339.0,1.0,Strong
UNIONBANK,Mar-23,6056.0,6056.0,1.0,Strong
UNIONBANK,Mar-24,19930.0,19930.0,1.0,Strong
UNITDSPR,Mar-13,1969.0,,,Unknown
UNITDSPR,Mar-14,-552.0,,,Unknown
UNITDSPR,Mar-15,-196.0,,,Unknown
UNITDSPR,Mar-16,283.0,,,Unknown
UNITDSPR,Mar-17,647.0,,,Unknown
UNITDSPR,Mar-18,925.0,,,Unknown
UNITDSPR,Mar-19,948.0,,,Unknown
UNITDSPR,Mar-20,783.0,,,Unknown
UNITDSPR,Mar-21,1818.0,,,Unknown
UNITDSPR,Mar-22,977.0,,,Unknown
UNITDSPR,Mar-23,615.0,,,Unknown
UNITDSPR,Mar-24,1118.0,,,Unknown
VBL,Dec-12,280.0,,,Unknown
VBL,Dec-13,297.0,,,Unknown
VBL,Dec-14,431.0,,,Unknown
VBL,Dec-15,555.0,,,Unknown
VBL,Dec-16,826.0,,,Unknown
VBL,Dec-17,620.0,,,Unknown
VBL,Dec-18,1000.0,,,Unknown
VBL,Dec-19,1308.0,,,Unknown
VBL,Dec-20,1012.0,,,Unknown
VBL,Dec-21,1231.0,,,Unknown
VBL,Dec-22,1790.0,,,Unknown
VBL,Dec-23,2391.0,,,Unknown
VEDL,Mar-13,22.0,,,Unknown
VEDL,Mar-14,15601.0,,,Unknown
VEDL,Mar-15,17805.0,,,Unknown
VEDL,Mar-16,20377.0,,,Unknown
VEDL,Mar-17,18083.0,,,Unknown
VEDL,Mar-18,17366.0,,,Unknown
VEDL,Mar-19,23754.0,,,Unknown
VEDL,Mar-20,19300.0,,,Unknown
VEDL,Mar-21,23980.0,,,Unknown
VEDL,Mar-22,34963.0,,,Unknown
VEDL,Mar-23,33065.0,,,Unknown
VEDL,Mar-24,35654.0,,,Unknown
WIPRO,Mar-13,6394.0,,,Unknown
WIPRO,Mar-14,6790.0,,,Unknown
WIPRO,Mar-15,7840.0,,,Unknown
WIPRO,Mar-16,7887.0,,,Unknown
WIPRO,Mar-17,9277.0,,,Unknown
WIPRO,Mar-18,8423.0,,,Unknown
WIPRO,Mar-19,11632.0,,,Unknown
WIPRO,Mar-20,10064.0,,,Unknown
WIPRO,Mar-21,14755.0,,,Unknown
WIPRO,Mar-22,11080.0,,,Unknown
WIPRO,Mar-23,13060.0,,,Unknown
WIPRO,Mar-24,17622.0,,,Unknown
ZOMATO,Mar-20,-2144.0,,,Unknown
ZOMATO,Mar-21,-1018.0,,,Unknown
ZOMATO,Mar-22,-693.0,,,Unknown
ZOMATO,Mar-23,-844.0,,,Unknown
ZOMATO,Mar-24,646.0,,,Unknown
ZYDUSLIFE,Mar-13,603.0,,,Unknown
ZYDUSLIFE,Mar-14,903.0,,,Unknown
ZYDUSLIFE,Mar-15,994.0,,,Unknown
ZYDUSLIFE,Mar-16,1894.0,,,Unknown
ZYDUSLIFE,Mar-17,1312.0,,,Unknown
ZYDUSLIFE,Mar-18,919.0,,,Unknown
ZYDUSLIFE,Mar-19,1282.0,,,Unknown
ZYDUSLIFE,Mar-20,2932.0,,,Unknown
ZYDUSLIFE,Mar-21,3294.0,,,Unknown
ZYDUSLIFE,Mar-22,2104.0,,,Unknown
ZYDUSLIFE,Mar-23,2689.0,,,Unknown
ZYDUSLIFE,Mar-24,3228.0,,,Unknown
