company_id,year,broad_sector,market_cap_crore,enterprise_value_crore,pe_ratio,pb_ratio,ev_ebitda,dividend_yield_pct,sector_median_pe,valuation_flag,return_on_equity_pct,debt_to_equity,operating_profit_margin_pct,compounded_sales_growth,cluster,cluster_name,outlier,return_on_equity_pct_zscore,debt_to_equity_zscore,operating_profit_margin_pct_zscore,compounded_sales_growth_zscore
ABB,2024,Industrials,1536236.24,1619349.16,75.58,4.48,12.63,0.96,47.155,Caution,32.47,0.0224,25.0,,0,High Quality,False,-0.4653973111911678,-0.9056906601309929,0.23322272007085165,
ADANIENSOL,2024,Energy,348517.36,439276.19,58.5,9.05,14.83,1.65,44.915,Fair,9.46,2.9325,30.0,,0,High Quality,False,-0.7193587153080508,0.8333307188005027,-0.15368942173723318,
ADANIENT,2024,Industrials,187927.97,191237.75,58.87,10.41,33.01,0.83,47.155,Fair,8.53,1.6714,12.0,,0,High Quality,False,-0.47863423523946086,1.756965604008795,-0.6089704357405568,
ADANIGREEN,2024,Energy,510512.78,491878.9,45.26,6.24,21.78,0.89,44.915,Fair,12.81,6.5953,79.0,,1,Value,True,-0.43307458799684184,3.022885627819251,1.7659215909415436,
ADANIPORTS,2024,Industrials,675598.01,611165.74,48.9,2.31,31.76,1.16,47.155,Fair,15.35,0.9373,58.0,,0,High Quality,False,-0.47486331535602894,0.571607227110664,2.3710976540536577,
ADANIPOWER,2024,Energy,1372183.55,1357949.64,44.57,9.91,24.76,1.65,44.915,Fair,48.28,0.8023,36.0,,0,High Quality,False,2.59811884356393,-0.4400639156845188,0.0813649879785354,
AMBUJACEM,2024,Materials,1281411.04,1198290.68,55.62,9.21,27.67,3.1,55.62,Fair,11.43,0.0169,19.0,,0,High Quality,False,-0.32184588055663516,-0.8467685045174562,-0.4709753069327577,
APOLLOHOSP,2024,Healthcare,1905622.43,2433382.94,47.72,7.68,16.74,3.22,47.06,Fair,13.48,0.7689,13.0,,0,High Quality,False,-0.6943965895877579,1.5387936459349496,-0.4131730281660567,
ASIANPAINT,2024,Materials,2126725.18,2475080.63,73.37,3.9,23.94,2.42,55.62,Fair,29.68,0.1321,21.0,,0,High Quality,False,0.9440350074085794,-0.5709242259226471,-0.47085723841760785,
ATGL,2024,Energy,1535602.41,1925338.89,56.96,5.76,28.93,0.51,44.915,Fair,,,,,0,High Quality,False,,,,
AXISBANK,2024,Financials,948868.63,929130.29,38.14,4.66,16.87,2.32,34.24,Fair,15.83,8.2491,11952.0,,1,Value,False,-0.17077710606717483,0.9101351227479108,1.0394024394393708,
BAJAJ-AUTO,2024,Consumer Discretionary,653817.3,679803.97,29.91,9.83,20.14,3.59,38.005,Fair,26.61,0.066,20.0,,0,High Quality,False,-0.25899613749976275,-0.5764141022509861,-0.34290400538349813,
BAJAJFINSV,2024,Financials,1905112.17,1807796.2,15.07,6.08,39.72,2.56,34.24,Discount,25.85,4.7894,37.0,,1,Value,False,0.6843580871901269,0.06632110129815312,0.358926808366395,
BAJAJHLDNG,2024,Financials,2191568.13,2726439.01,37.73,9.38,27.47,3.37,34.24,Fair,13.58,0.0012,92.0,,0,High Quality,False,-0.3627984817986048,-1.1015114557171166,0.36206790443932946,
BAJFINANCE,2024,Financials,2473271.58,2632574.41,69.2,4.11,15.96,0.27,34.24,Caution,18.84,3.8248,19987.0,,0,High Quality,False,0.0861048232446493,-0.16894294040790103,1.4982880202762454,
BANKBARODA,2024,Financials,590971.02,656699.32,16.89,4.15,24.7,2.62,34.24,Discount,15.76,12.1437,4102.0,,1,Value,False,-0.17675110442326378,1.860020398331986,0.5910823635750938,
BEL,2024,Industrials,1354781.06,1259877.04,17.89,9.22,23.14,0.76,47.155,Discount,4744.05,0.5119,25.0,,2,Growth,False,2.1397332906240507,-0.11529027123079498,0.23322272007085165,
BHARTIARTL,2024,Communication Services,378605.83,429972.49,63.78,6.28,39.71,1.02,48.33,Fair,10.36,2.6095,52.0,,0,High Quality,False,0.7071067811865475,0.7071067811865475,0.7071067811865476,
BHEL,2024,Industrials,540053.85,682460.17,29.8,11.43,21.59,4.04,47.155,Discount,1.15,0.3624,3.0,,0,High Quality,False,-0.48271479077314516,-0.3566893685557788,-1.1920272359176858,
BOSCHLTD,2024,Consumer Discretionary,2599556.05,2628370.51,58.43,6.47,16.07,4.23,38.005,Caution,20.64,0.0032,13.0,,0,High Quality,False,-0.28471726056562563,-0.633635722382987,-0.34446839216845143,
BPCL,2024,Energy,468662.13,606487.07,68.15,0.72,26.59,1.15,44.915,Caution,35.51000000000001,0.7219,10.0,,0,High Quality,False,1.5068208418432922,-0.48812556652133965,-0.9372041207897951,
BRITANNIA,2024,Consumer Staples,324745.74,376568.58,63.91,4.26,33.95,1.88,50.95,Fair,54.15,0.524,19.0,,0,High Quality,False,0.4802997191238228,1.9408652964253703,-0.3785968421433241,
CANBK,2024,Financials,496415.88,483983.21,36.74,12.61,25.23,3.81,34.24,Fair,16.72,14.8674,-7745.0,,1,Value,False,-0.09482198411118706,2.524325468200097,-0.08550973053498116,
CHOLAFIN,2024,Financials,971931.96,1024979.49,16.79,10.36,13.52,2.83,34.24,Discount,17.46,6.8634,4548.0,,1,Value,False,-0.03166828720396102,0.5721656197496945,0.6165537971847075,
CIPLA,2024,Healthcare,439803.15,562931.78,59.75,5.93,33.7,0.12,47.06,Fair,15.55,0.0209,6291.0,,0,High Quality,False,-0.2385611962114393,-0.6786107152646181,2.041235050206286,
COALINDIA,2024,Materials,454024.84,574785.39,34.27,14.75,25.15,4.38,55.62,Discount,45.17,0.0788,47971.0,,0,High Quality,False,2.018473087111657,-0.6985500944044468,2.359835412300082,
DABUR,2024,Consumer Staples,56521.84,67755.32,50.95,13.59,12.02,3.42,50.95,Fair,18.36,0.1384,19.0,,0,High Quality,False,-0.3932355885501613,-0.24478433773181574,-0.3785968421433241,
DIVISLAB,2024,Healthcare,1615028.67,1501836.03,69.95,12.34,31.81,1.39,47.06,Fair,11.79,0.0002,28.0,,0,High Quality,False,-1.0665520556776027,-0.7399747129609163,-0.4073087208746287,
DLF,2024,Real Estate,1381712.03,1248409.43,46.26,14.32,10.41,2.58,49.105,Fair,6.909999999999999,0.1226,33.0,,0,High Quality,False,-0.7071067811865472,-0.7071067811865477,0.7071067811865476,
DMART,2024,Consumer Discretionary,3053088.97,3624591.94,72.53,11.71,36.84,1.94,38.005,Caution,13.56,0.0317,8.0,,0,High Quality,False,-0.3152207029954931,-0.6076673119727637,-0.345585811300561,
DRREDDY,2024,Healthcare,2441803.28,2725256.67,11.73,10.19,14.56,0.09,47.06,Discount,19.74,0.0709,28.0,,0,High Quality,False,0.6841201072894173,-0.5303884986068931,-0.4073087208746287,
EICHERMOT,2024,Consumer Discretionary,222391.83,234358.89,15.62,13.61,19.29,4.41,38.005,Discount,22.17,0.0232,26.0,,0,High Quality,False,-0.27812541495578136,-0.6154122764810759,-0.3415631024249667,
GAIL,2024,Energy,1531867.57,1613856.89,25.84,9.54,33.07,0.31,44.915,Discount,12.86,0.283,11.0,,0,High Quality,False,-0.4288016905742866,-0.750491966425328,-0.898028385837167,
GODREJCP,2024,Consumer Staples,1327797.2,1350416.57,33.59,8.07,23.55,3.09,50.95,Discount,-4.45,0.2558,21.0,,0,High Quality,False,-0.9499648528151398,0.4206598195556679,-0.3782353145674421,
GRASIM,2024,Industrials,478951.82,601673.21,79.35,5.68,15.23,0.98,47.155,Caution,11.2,1.5471,21.0,,0,High Quality,False,-0.47715793669272133,1.5562571906476212,-0.02591363556342786,
HAL,2024,Industrials,2643616.86,3140281.78,71.89,3.65,8.76,2.77,47.155,Caution,3816.58,0.6181,32.0,,2,Growth,False,1.6269158325175213,0.05619189690240417,0.6867113424308408,
HAVELLS,2024,Industrials,2521508.87,2620805.22,45.41,14.08,30.73,2.6,47.155,Fair,17.07,0.0407,10.0,,0,High Quality,False,-0.47391229157311066,-0.8761414729667976,-0.7385386135576966,
HCLTECH,2024,Information Technology,412593.29,461362.25,63.63,5.44,31.21,1.99,63.63,Fair,23.01,0.0844,22.0,,0,High Quality,False,-0.7847950846514917,-1.5297591532560713,-0.18569533817705186,
HDFCBANK,2024,Financials,808359.03,976938.14,49.42,4.4,22.54,4.33,34.24,Fair,14.34,6.8088,-44685.0,,1,Value,False,-0.2979379282182107,0.558848787200295,-2.19518407479312,
HDFCBANK,2024,Financials,808359.03,976938.14,49.42,4.4,22.54,4.33,34.24,Fair,14.34,6.8088,-44685.0,,1,Value,False,-0.2979379282182107,0.558848787200295,-2.19518407479312,
HDFCBANK,2024,Financials,808359.03,976938.14,49.42,4.4,22.54,4.33,34.24,Fair,14.34,6.8088,-44685.0,,1,Value,False,-0.2979379282182107,0.558848787200295,-2.19518407479312,
HDFCBANK,2024,Financials,808359.03,976938.14,49.42,4.4,22.54,4.33,34.24,Fair,14.34,6.8088,-44685.0,,3,Turnaround,False,-0.2979379282182107,0.558848787200295,-2.19518407479312,
HDFCLIFE,2024,Financials,47027.6,42921.31,50.59,11.28,31.63,3.22,34.24,Fair,10.73,0.0648,531.0,,0,High Quality,False,-0.6060255577250828,-1.0859995408793546,0.38713956218511514,
HEROMOTOCO,2024,Consumer Discretionary,1593400.88,1475343.49,53.86,12.6,28.27,1.91,38.005,Fair,21.14,0.0342,5235.0,,0,High Quality,False,-0.2825630626539118,-0.6053893812350247,0.8225641494067442,
HINDALCO,2024,Materials,722281.1,656285.92,56.45,9.32,27.63,0.98,55.62,Fair,9.569999999999999,0.5309,23872.0,,0,High Quality,False,-0.4508616861245968,0.3839950301850771,0.9371688390019464,
HINDUNILVR,2024,Consumer Staples,548890.59,587463.38,34.51,11.88,7.52,4.32,50.95,Discount,20.07,0.029,14659.0,,0,High Quality,False,-0.3514991991642291,-0.8648830669247517,2.267785013313183,
ICICIBANK,2024,Financials,1319221.86,1598760.1,25.76,6.2,38.28,3.43,34.24,Fair,17.99,6.4456,-14152.0,,1,Value,False,0.013563414634997842,0.47026502196326525,-0.45141886761299677,
ICICIGI,2024,Financials,1271789.21,1382030.89,49.0,7.86,36.96,3.46,34.24,Fair,15.72,0.0029,2577.0,,0,High Quality,False,-0.18016481776960025,-1.101096829062648,0.5039883360982758,
ICICIPRULI,2024,Financials,1596987.55,2014403.87,20.83,12.38,22.57,0.35,34.24,Discount,7.73,0.109,-1829.0,,0,High Quality,False,-0.8620540587003228,-1.0752192478631744,0.25235798523738345,
INDIGO,2024,Consumer Discretionary,1040632.92,1061542.29,76.23,7.87,24.64,4.27,38.005,Caution,892.57,0.0186,16331.0,,0,High Quality,True,3.471902309755612,-0.6196036690385155,3.3023406873842185,
INDUSINDBK,2024,Financials,1807433.12,1674611.06,8.99,3.7,28.79,1.42,34.24,Discount,14.25,6.8857,2978.0,,1,Value,False,-0.3056187832474679,0.5776045458641926,0.5268897820118521,
INFY,2024,Information Technology,1112279.92,1372029.68,35.99,8.97,36.7,4.1,63.63,Discount,29.79,0.0949,24.0,,0,High Quality,False,-0.315466102105519,0.46445283546939703,0.18569533817705186,
INFY,2024,Information Technology,1112279.92,1372029.68,35.99,8.97,36.7,4.1,63.63,Discount,29.79,0.0949,24.0,,0,High Quality,False,-0.315466102105519,0.46445283546939703,0.18569533817705186,
INFY,2024,Information Technology,1112279.92,1372029.68,35.99,8.97,36.7,4.1,63.63,Discount,29.79,0.0949,24.0,,0,High Quality,False,-0.315466102105519,0.46445283546939703,0.18569533817705186,
INFY,2024,Information Technology,1112279.92,1372029.68,35.99,8.97,36.7,4.1,63.63,Discount,29.79,0.0949,24.0,,0,High Quality,False,-0.315466102105519,0.46445283546939703,0.18569533817705186,
IOC,2024,Energy,1418164.33,1786391.89,28.61,4.24,33.71,1.25,44.915,Discount,23.53,0.7231,10.0,,0,High Quality,False,0.48303461939902725,-0.4874082284491483,-0.9372041207897951,
IRCTC,2024,Consumer Discretionary,1258520.29,1473943.68,60.44,5.74,32.47,1.08,38.005,Caution,34.4,0.0186,34.0,,0,High Quality,False,-0.22543373403526168,-0.6196036690385155,-0.3397752318135914,
IRFC,2024,Financials,2618348.58,2449260.08,9.81,3.91,16.66,2.82,34.24,Discount,13.04,8.3784,100.0,,1,Value,False,-0.4088836119741481,0.9416711382907187,0.3625247911408472,
ITC,2024,Consumer Staples,332245.58,369131.93,47.85,3.24,17.19,4.26,50.95,Fair,27.85,0.0041,37.0,,0,High Quality,False,-0.1616108310808651,-1.0060207118690305,-0.3753430939603858,
JINDALSTEL,2024,Materials,396587.97,478682.44,77.64,5.73,20.22,1.9,55.62,Fair,13.41,0.3717,20.0,,0,High Quality,False,-0.1845064746294502,0.0027935618491950723,-0.47091627267518277,
JIOFIN,2024,Financials,1401774.99,1814281.53,34.24,9.91,26.41,3.09,34.24,Fair,1.15,0.0,84.0,,0,High Quality,False,-1.4236099041726826,-1.1018041333555648,0.36161101773781174,
JSWENERGY,2024,Energy,110870.53,124622.6,24.79,9.88,35.95,1.25,44.915,Discount,8.28,1.5156,47.0,,0,High Quality,False,-0.8201990944803574,-0.013666209939440458,0.5122980724574445,
JSWSTEEL,2024,Materials,2612646.38,3187328.18,69.27,4.37,35.49,2.94,55.62,Fair,11.55,1.1328,16.0,,0,High Quality,False,-0.31352228019741174,1.8252334962112535,-0.47115240970548244,
KOTAKBANK,2024,Financials,430223.52,548886.13,32.9,1.15,15.52,1.51,34.24,Fair,14.01,4.0037,-13382.0,,1,Value,False,-0.3261010633254871,-0.12530958247589488,-0.4074435225919148,
LICI,2024,Financials,183583.67,205478.22,30.67,8.1,12.21,3.77,34.24,Fair,49.45,0.0,4.0,,0,High Quality,False,2.6984489615286815,-1.1018041333555648,0.35704215072263434,
LODHA,2024,Real Estate,1209919.99,1301112.44,51.95,7.65,34.33,4.05,49.105,Fair,8.9,0.4407,26.0,,0,High Quality,False,0.7071067811865479,0.7071067811865475,-0.7071067811865476,
LT,2024,Industrials,1124597.5,1097873.76,30.8,2.48,16.63,1.26,47.155,Discount,77.66999999999999,0.1035,14.0,,0,High Quality,False,-0.44040529084936153,-0.7747377049934934,-0.479402257923417,
LTIM,2024,Information Technology,1347046.9,1647384.23,64.52,2.38,18.9,4.43,63.63,Fair,22.9,0.1035,18.0,,0,High Quality,False,-0.7924095666691995,2.097807416711209,-0.9284766908852594,
M&M,2024,Consumer Discretionary,4173085.48,3837414.39,14.22,0.81,29.08,2.37,38.005,Discount,18.54,1.6414,18.0,,0,High Quality,False,-0.29376489179482357,0.8590467314425552,-0.34335097303634193,
MARUTI,2024,Consumer Discretionary,1503863.63,1891991.87,20.78,8.26,29.97,1.78,38.005,Discount,15.75,0.0014,13.0,,0,High Quality,False,-0.3057853161421866,-0.6352758325141591,-0.34446839216845143,
MOTHERSON,2024,Consumer Discretionary,146151.16,161406.34,9.54,2.38,33.39,2.18,38.005,Discount,11.55,0.7617,9.0,,0,High Quality,False,-0.3238805786005826,0.05748846344699331,-0.3453623274741391,
NAUKRI,2024,Communication Services,563824.44,544283.76,32.88,8.33,11.87,4.29,48.33,Discount,1.97,0.0081,28.0,,0,High Quality,False,-0.7071067811865476,-0.7071067811865476,-0.7071067811865476,
NESTLEIND,2024,Consumer Staples,1677775.19,1677279.88,54.96,14.34,15.49,3.85,50.95,Fair,117.75,0.1033,24.0,,0,High Quality,False,2.032600517337441,-0.44373740349664254,-0.377693023203619,
NHPC,2024,Energy,1740404.25,2103124.81,71.17,13.74,18.26,1.68,44.915,Caution,10.41,0.8413,50.0,,0,High Quality,False,-0.6381736642794991,-0.4167504283382997,0.6298252773153288,
NTPC,2024,Energy,907823.11,1142814.16,30.8,5.24,37.12,0.06,44.915,Discount,13.27,1.4755,29.0,,0,High Quality,False,-0.3937639317093326,-0.03763725718516828,-0.19286515668986126,
ONGC,2024,Energy,390111.05,499988.49,18.15,10.36,11.72,1.11,44.915,Discount,16.94,0.4544,17.0,,0,High Quality,False,-0.08013326089376908,-0.6480321784473294,-0.6629739761213984,
PFC,2024,Financials,2011885.81,2014246.29,35.6,6.59,15.67,0.42,34.24,Fair,26.16,8.5219,37.0,,1,Value,False,0.710814365624235,0.9766705058884992,0.358926808366395,
PIDILITIND,2024,Materials,162274.18,165749.2,36.12,12.3,5.36,1.01,55.62,Discount,20.78,0.0454,22.0,,0,High Quality,False,0.3267013140995159,-0.7785257793442613,-0.4707982041600329,
PNB,2024,Financials,1825925.6,2365495.49,19.29,10.91,23.64,1.32,34.24,Discount,61.31999999999999,3.6843,,,1,Value,True,3.711468397054047,-0.20321061390956047,,
POWERGRID,2024,Energy,372584.24,410018.95,64.39,5.1,23.07,3.09,44.915,Fair,17.87,1.4173,87.0,,0,High Quality,False,-0.0006573688342394355,-0.07242815368644905,2.079327470562568,
RECLTD,2024,Financials,291917.42,315256.49,31.49,4.59,23.95,2.18,34.24,Fair,20.4,6.4249,101.0,,1,Value,False,0.219239643751774,0.4652163327000315,0.3625819019785369,
RELIANCE,2024,Energy,432472.71,545039.37,58.34,3.25,24.96,4.21,44.915,Fair,9.959999999999999,0.5785,18.0,,0,High Quality,False,-0.6766297410824974,-0.5738474661482066,-0.6237982411687704,
SBILIFE,2024,Financials,886097.71,1097553.71,69.98,9.48,31.04,1.62,34.24,Caution,12.7,0.0,0.0,,0,High Quality,False,-0.43790017541800863,-1.1018041333555648,0.3568137073718755,
SBILIFE,2024,Financials,886097.71,1097553.71,69.98,9.48,31.04,1.62,34.24,Caution,12.7,0.0,0.0,,0,High Quality,False,-0.43790017541800863,-1.1018041333555648,0.3568137073718755,
SBILIFE,2024,Financials,886097.71,1097553.71,69.98,9.48,31.04,1.62,34.24,Caution,12.7,0.0,0.0,,3,Turnaround,False,-0.43790017541800863,-1.1018041333555648,0.3568137073718755,
SBILIFE,2024,Financials,886097.71,1097553.71,69.98,9.48,31.04,1.62,34.24,Caution,12.7,0.0,0.0,,0,High Quality,False,-0.43790017541800863,-1.1018041333555648,0.3568137073718755,
SBIN,2024,Financials,2400436.05,2686824.35,54.93,2.72,21.53,0.42,34.24,Caution,,,,,0,High Quality,False,,,,
SHREECEM,2024,Materials,3154358.33,2911084.5,25.87,1.21,26.58,3.2,55.62,Discount,8.37,0.08,22.0,,0,High Quality,False,-0.53409768971683,-0.6956767165024175,-0.4707982041600329,
SHRIRAMFIN,2024,Financials,868933.47,1098024.4,68.53,7.91,28.82,1.86,34.24,Caution,15.12,3.994,29.0,,0,High Quality,False,-0.23137051796464836,-0.12767539338668563,0.3584699216648773,
SIEMENS,2024,Industrials,1191331.95,1268446.56,33.32,9.25,30.88,3.69,47.155,Fair,17.7,0.0182,14.0,,0,High Quality,False,-0.47356395146657665,-0.9124724407916279,-0.479402257923417,
SUNPHARMA,2024,Healthcare,1339586.09,1264175.16,37.9,6.71,21.41,3.88,47.06,Fair,15.09,0.0514,28.0,,0,High Quality,False,-0.3398579502950658,-0.5881951631034058,-0.4073087208746287,
TATACONSUM,2024,Consumer Staples,350543.35,387549.77,54.79,7.14,24.84,1.87,50.95,Fair,7.57,0.2165,15.0,,0,High Quality,False,-0.6565897648508678,0.1979004040412035,-0.3793198972950882,
TATAMOTORS,2024,Consumer Discretionary,1504106.64,1588737.42,67.07,0.93,15.35,3.65,38.005,Caution,37.46,1.2631,14.0,,0,High Quality,False,-0.21225004281557316,0.5143502522079056,-0.34424490834202953,
TATAPOWER,2024,Energy,1647269.48,1925345.06,14.5,3.48,12.02,0.49,44.915,Discount,13.23,1.6593,17.0,,0,High Quality,False,-0.3971822496473768,0.07223502420547434,-0.6629739761213984,
TATASTEEL,2024,Materials,369110.65,402972.23,48.97,9.23,38.87,1.0,55.62,Fair,-5.33,0.9462,10.0,,0,High Quality,False,-1.4843753973948268,1.3784232324457037,-0.471506615250932,
TCS,2024,Information Technology,461188.15,542230.13,78.69,6.08,29.94,1.62,63.63,Fair,50.94,0.0886,27.0,,0,High Quality,False,1.1485911222082459,-0.7320743577658845,0.7427813527082074,
TCS,2024,Information Technology,461188.15,542230.13,78.69,6.08,29.94,1.62,63.63,Fair,50.94,0.0886,27.0,,0,High Quality,False,1.1485911222082459,-0.7320743577658845,0.7427813527082074,
TCS,2024,Information Technology,461188.15,542230.13,78.69,6.08,29.94,1.62,63.63,Fair,50.94,0.0886,27.0,,0,High Quality,False,1.1485911222082459,-0.7320743577658845,0.7427813527082074,
TCS,2024,Information Technology,461188.15,542230.13,78.69,6.08,29.94,1.62,63.63,Fair,50.94,0.0886,27.0,,0,High Quality,False,1.1485911222082459,-0.7320743577658845,0.7427813527082074,
TECHM,2024,Information Technology,3021095.64,3131058.36,57.4,7.43,7.85,0.64,63.63,Fair,8.99,0.0951,9.0,,0,High Quality,False,-1.7552954290902145,0.5024378257308356,-2.599734734478726,
TITAN,2024,Consumer Discretionary,1793769.72,2116401.21,10.13,10.51,21.0,3.1,38.005,Discount,37.22,1.6531,10.0,,0,High Quality,False,-0.21328405781319582,0.8697074472951732,-0.3451388436477172,
TORNTPHARM,2024,Healthcare,1870170.39,2275967.43,46.4,6.43,27.93,1.22,47.06,Fair,24.15,0.5866,31.0,,0,High Quality,False,1.6552476844824435,0.9983754440008837,-0.4061358594163431,
TRENT,2024,Consumer Discretionary,571322.04,566293.08,8.65,11.82,34.65,3.46,38.005,Discount,36.31,0.4309,16.0,,0,High Quality,False,-0.21720469801251494,-0.24392733177061712,-0.34379794068918573,
TVSMOTOR,2024,Consumer Discretionary,266591.41,334973.15,46.1,5.62,7.1,3.07,38.005,Fair,26.22,3.8334,14.0,,0,High Quality,False,-0.2606764118708995,2.8563364022920172,-0.34424490834202953,
