company_id,year,cfo_sign,cfi_sign,cff_sign,pattern_label,previous_pattern
ABB,Dec-12,+,+,+,Other,
ADANIENSOL,Mar-14,+,+,+,Other,
ADANIENSOL,Mar-15,-,+,+,Distress,Other
ADANIENSOL,Mar-16,+,+,+,Other,Distress
ADANIENT,Mar-13,+,+,+,Other,
ADANIGREEN,Mar-17,+,+,+,Other,
ADANIPORTS,Mar-13,+,+,+,Other,
ADANIPOWER,Mar-13,+,+,+,Other,
AGTL,Mar-18,-,+,+,Distress,
AMBUJACEM,Dec-12,+,+,+,Other,
AMBUJACEM,Mar-23,-,+,+,Distress,Other
AMBUJACEM,Mar-24,+,+,+,Other,Distress
APOLLOHOSP,Mar-13,+,+,+,Other,
ASIANPAINT,Mar-13,+,+,+,Other,
AXISBANK,Mar-13,+,+,+,Other,
AXISBANK,Mar-15,-,+,+,Distress,Other
AXISBANK,Mar-17,+,+,+,Other,Distress
AXISBANK,Mar-18,-,+,+,Distress,Other
AXISBANK,Mar-19,+,+,+,Other,Distress
AXISBANK,Mar-24,-,+,+,Distress,Other
BAJAJ-AUTO,Mar-13,+,+,+,Other,
BAJAJFINSV,Mar-13,-,+,+,Distress,
BAJAJFINSV,Mar-21,+,+,+,Other,Distress
BAJAJFINSV,Mar-22,-,+,+,Distress,Other
BAJAJHLDNG,Mar-13,+,+,+,Other,
BAJAJHLDNG,Mar-17,-,+,+,Distress,Other
BAJAJHLDNG,Mar-18,+,+,+,Other,Distress
BAJFINANCE,Mar-15,-,+,+,Distress,
BANKBARODA,Mar-13,+,+,+,Other,
BANKBARODA,Mar-16,-,+,+,Distress,Other
BANKBARODA,Mar-17,+,+,+,Other,Distress
BANKBARODA,Mar-18,-,+,+,Distress,Other
BANKBARODA,Mar-20,+,+,+,Other,Distress
BANKBARODA,Mar-21,-,+,+,Distress,Other
BANKBARODA,Mar-22,+,+,+,Other,Distress
BANKBARODA,Mar-23,-,+,+,Distress,Other
BEL,Mar-13,-,+,+,Distress,
BEL,Mar-15,+,+,+,Other,Distress
BEL,Mar-17,-,+,+,Distress,Other
BEL,Mar-19,+,+,+,Other,Distress
BHARTIARTL,Mar-13,+,+,+,Other,
BHEL,Mar-13,+,+,+,Other,
BHEL,Mar-19,-,+,+,Distress,Other
BHEL,Mar-21,+,+,+,Other,Distress
BHEL,Mar-23,-,+,+,Distress,Other
BOSCHLTD,Dec-12,+,+,+,Other,
BPCL,Mar-13,+,+,+,Other,
BRITANNIA,Mar-13,+,+,+,Other,
CANBK,Mar-13,+,+,+,Other,
CANBK,Mar-18,-,+,+,Distress,Other
CANBK,Mar-19,+,+,+,Other,Distress
CANBK,Mar-20,-,+,+,Distress,Other
CANBK,Mar-21,+,+,+,Other,Distress
CANBK,Mar-23,-,+,+,Distress,Other
CANBK,Mar-24,+,+,+,Other,Distress
CHOLAFIN,Mar-13,-,+,+,Distress,
CIPLA,Mar-13,+,+,+,Other,
COALINDIA,Mar-13,+,+,+,Other,
DABUR,Mar-13,+,+,+,Other,
DIVISLAB,Mar-13,+,+,+,Other,
DLF,Mar-13,+,+,+,Other,
DLF,Mar-17,-,+,+,Distress,Other
DLF,Mar-18,+,+,+,Other,Distress
DMART,Mar-13,+,+,+,Other,
DRREDDY,Mar-13,+,+,+,Other,
EICHERMOT,Dec-12,+,+,+,Other,
GAIL,Mar-13,+,+,+,Other,
GODREJCP,Mar-13,+,+,+,Other,
GRASIM,Mar-13,+,+,+,Other,
GRASIM,Mar-18,-,+,+,Distress,Other
GRASIM,Mar-20,+,+,+,Other,Distress
GRASIM,Mar-23,-,+,+,Distress,Other
HAL,Mar-17,-,+,+,Distress,
HAL,Mar-20,+,+,+,Other,Distress
HAVELLS,Mar-13,+,+,+,Other,
HCLTECH,Jun-13,+,+,+,Other,
HCLTECH,Mar-16,-,+,+,Distress,Other
HCLTECH,Mar-17,+,+,+,Other,Distress
HDFCBANK,Mar-13,-,+,+,Distress,
HDFCBANK,Mar-14,+,+,+,Other,Distress
HDFCBANK,Mar-15,-,+,+,Distress,Other
HDFCBANK,Mar-17,+,+,+,Other,Distress
HDFCBANK,Mar-19,-,+,+,Distress,Other
HDFCBANK,Mar-21,+,+,+,Other,Distress
HDFCBANK,Mar-22,-,+,+,Distress,Other
HDFCBANK,Mar-23,+,+,+,Other,Distress
HDFCLIFE,Mar-13,-,+,+,Distress,
HDFCLIFE,Mar-15,+,+,+,Other,Distress
HEROMOTOCO,Mar-14,+,+,+,Other,
HINDALCO,Mar-13,+,+,+,Other,
HINDUNILVR,Mar-13,+,+,+,Other,
ICICIBANK,Mar-13,+,+,+,Other,
ICICIBANK,Mar-15,-,+,+,Distress,Other
ICICIBANK,Mar-16,+,+,+,Other,Distress
ICICIBANK,Mar-23,-,+,+,Distress,Other
ICICIBANK,Mar-24,+,+,+,Other,Distress
ICICIGI,Mar-13,+,+,+,Other,
ICICIGI,Mar-15,-,+,+,Distress,Other
ICICIGI,Mar-16,+,+,+,Other,Distress
ICICIPRULI,Mar-13,-,+,+,Distress,
ICICIPRULI,Mar-15,+,+,+,Other,Distress
ICICIPRULI,Mar-24,-,+,+,Distress,Other
INDIGO,Mar-13,+,+,+,Other,
INDIGO,Mar-21,-,+,+,Distress,Other
INDIGO,Mar-22,+,+,+,Other,Distress
INDUSINDBK,Mar-13,-,+,+,Distress,
INDUSINDBK,Mar-17,+,+,+,Other,Distress
INDUSINDBK,Mar-18,-,+,+,Distress,Other
INDUSINDBK,Mar-21,+,+,+,Other,Distress
INDUSINDBK,Mar-23,-,+,+,Distress,Other
INFY,Mar-13,+,+,+,Other,
IOC,Mar-13,+,+,+,Other,
IRCTC,Mar-15,+,+,+,Other,
IRFC,Mar-16,-,+,+,Distress,
IRFC,Mar-24,+,+,+,Other,Distress
ITC,Mar-13,+,+,+,Other,
JINDALSTEL,Mar-13,+,+,+,Other,
JIOFIN,Mar-23,+,+,+,Other,
JIOFIN,Mar-24,-,+,+,Distress,Other
JSWENERGY,Mar-13,+,+,+,Other,
JSWSTEEL,Mar-13,+,+,+,Other,
KOTAKBANK,Mar-13,+,+,+,Other,
KOTAKBANK,Mar-18,-,+,+,Distress,Other
KOTAKBANK,Mar-19,+,+,+,Other,Distress
KOTAKBANK,Mar-23,-,+,+,Distress,Other
KOTAKBANK,Mar-24,+,+,+,Other,Distress
LICI,Mar-19,+,+,+,Other,
LICI,Mar-22,-,+,+,Distress,Other
LICI,Mar-23,+,+,+,Other,Distress
LODHA,Mar-16,+,+,+,Other,
LODHA,Mar-19,-,+,+,Distress,Other
LODHA,Mar-20,+,+,+,Other,Distress
LT,Mar-13,-,+,+,Distress,
LT,Mar-17,+,+,+,Other,Distress
LT,Mar-18,-,+,+,Distress,Other
LT,Mar-20,+,+,+,Other,Distress
LTIM,Mar-13,+,+,+,Other,
M&M,Mar-13,-,+,+,Distress,
M&M,Mar-15,+,+,+,Other,Distress
M&M,Mar-19,-,+,+,Distress,Other
M&M,Mar-21,+,+,+,Other,Distress
M&M,Mar-23,-,+,+,Distress,Other
MARUTI,Mar-13,+,+,+,Other,
MOTHERSON,Mar-13,+,+,+,Other,
NAUKRI,Mar-13,+,+,+,Other,
NESTLEIND,Dec-13,+,+,+,Other,
NHPC,Mar-13,+,+,+,Other,
NTPC,Mar-13,+,+,+,Other,
ONGC,Mar-13,+,+,+,Other,
PFC,Mar-13,-,+,+,Distress,
PFC,Mar-17,+,+,+,Other,Distress
PFC,Mar-18,-,+,+,Distress,Other
PFC,Mar-22,+,+,+,Other,Distress
PFC,Mar-23,-,+,+,Distress,Other
PIDILITIND,Mar-13,+,+,+,Other,
PNB,Mar-13,-,+,+,Distress,
PNB,Mar-14,+,+,+,Other,Distress
PNB,Mar-18,-,+,+,Distress,Other
PNB,Mar-21,+,+,+,Other,Distress
PNB,Mar-24,-,+,+,Distress,Other
POWERGRID,Mar-13,+,+,+,Other,
RECLTD,Mar-13,-,+,+,Distress,
RECLTD,Mar-17,+,+,+,Other,Distress
RECLTD,Mar-18,-,+,+,Distress,Other
RELIANCE,Mar-13,+,+,+,Other,
SBILIFE,Mar-13,+,+,+,Other,
SBIN,Mar-13,-,+,+,Distress,
SHREECEM,Jun-13,+,+,+,Other,
SHREECEM,Mar-16,-,+,+,Distress,Other
SHREECEM,Mar-17,+,+,+,Other,Distress
SHRIRAMFIN,Mar-13,-,+,+,Distress,
SIEMENS,Sep-14,+,+,+,Other,
SUNPHARMA,Mar-13,+,+,+,Other,
TATACONSUM,Mar-13,+,+,+,Other,
TATAMOTORS,Mar-13,+,+,+,Other,
TATAPOWER,Mar-13,+,+,+,Other,
TATASTEEL,Mar-13,+,+,+,Other,
TCS,Mar-13,+,+,+,Other,
TECHM,Mar-13,+,+,+,Other,
TITAN,Mar-13,+,+,+,Other,
TITAN,Mar-14,-,+,+,Distress,Other
TITAN,Mar-15,+,+,+,Other,Distress
TITAN,Mar-18,-,+,+,Distress,Other
TITAN,Mar-19,+,+,+,Other,Distress
TITAN,Mar-20,-,+,+,Distress,Other
TITAN,Mar-21,+,+,+,Other,Distress
TITAN,Mar-22,-,+,+,Distress,Other
TITAN,Mar-23,+,+,+,Other,Distress
TORNTPHARM,Mar-13,+,+,+,Other,
TRENT,Mar-13,+,+,+,Other,
TRENT,Mar-14,-,+,+,Distress,Other
TRENT,Mar-16,+,+,+,Other,Distress
TVSMOTOR,Mar-13,+,+,+,Other,
TVSMOTOR,Mar-19,-,+,+,Distress,Other
TVSMOTOR,Mar-20,+,+,+,Other,Distress
TVSMOTOR,Mar-22,-,+,+,Distress,Other
ULTRACEMCO,Mar-13,+,+,+,Other,
UNIONBANK,Mar-13,-,+,+,Distress,
UNIONBANK,Mar-14,+,+,+,Other,Distress
UNIONBANK,Mar-15,-,+,+,Distress,Other
UNIONBANK,Mar-16,+,+,+,Other,Distress
UNIONBANK,Mar-17,-,+,+,Distress,Other
UNIONBANK,Mar-18,+,+,+,Other,Distress
UNIONBANK,Mar-19,-,+,+,Distress,Other
UNIONBANK,Mar-21,+,+,+,Other,Distress
UNITDSPR,Mar-13,-,+,+,Distress,
VBL,Dec-12,-,+,+,Distress,
VEDL,Mar-13,-,+,+,Distress,
WIPRO,Mar-13,-,+,+,Distress,
ZOMATO,Mar-20,-,+,+,Distress,
ZYDUSLIFE,Mar-13,-,+,+,Distress,
